Filename,Line Number,Extracted Text,Formatted Bilingual Text
adv_cidol-amao-3-000_01.txt,6,麻央先輩、相談に乗ってくださって\nありがとうございました！,<r\=麻央先輩、相談に乗ってくださって>麻央前辈，</r>\r\n<r\=ありがとうございました！>谢谢您愿意和我商量！</r>
adv_cidol-amao-3-000_01.txt,13,なに、先輩として\n当然のことをしたまでさ。,<r\=なに、先輩として>没什么，作为前辈</r>\r\n<r\=当然のことをしたまでさ。>我只是做了分内之事而已。</r>
adv_cidol-amao-3-002_01.txt,36,それで、新たなファンの方々も\n増えてきたところで、,<r\=それで、新たなファンの方々も>于是，在新增的粉丝们也</r>\r\n<r\=増えてきたところで、>逐渐增加的时候，</r>
adv_cidol-amao-3-002_01.txt,83,最高にカッコいいボクを\n見せてあげますよ。,<r\=最高にカッコいいボクを>让你见识一下最帅气的我</r>\r\n<r\=見せてあげますよ。>展示给你看。</r>
adv_cidol-amao-3-002_02.txt,45,……ああ、木の上に\n引っかかってしまったんだね。,<r\=……ああ、木の上に>……啊，原来是</r>\r\n<r\=引っかかってしまったんだね。>卡在树上了啊。</r>
adv_cidol-amao-3-002_03.txt,30,えー。なんでも頼んでいいって\n言ったのに……,<r\=えー。なんでも頼んでいいって>哎～。明明说了什么都</r>\r\n<r\=言ったのに……>可以点的……</r>
adv_cidol-amao-3-002_03.txt,61,アンケートって、なんだか\n緊張しますよね。ええっと……,<r\=アンケートって、なんだか>做问卷调查啊，总让人有点</r>\r\n<r\=緊張しますよね。ええっと……>紧张呢。那个……</r>
adv_cidol-amao-3-002_03.txt,69,麻央ちゃん、ライブ、\nとーってもよかったです！,<r\=麻央ちゃん、ライブ、>麻央的演唱会，</r>\r\n<r\=とーってもよかったです！>真的超级棒啊！</r>
adv_cidol-amao-3-007_02.txt,24,それはもう、\n憧れの楽曲ですからね。,<r\=それはもう、>那可是，</r>\r\n<r\=憧れの楽曲ですからね。>我憧憬已久的乐曲啊。</r>
adv_cidol-amao-3-007_02.txt,81,レッスンパートナーを\n付けましょう。,<r\=レッスンパートナーを>课程伙伴，去寻找吧。</r>
adv_cidol-amao-3-007_02.txt,94,経験者って――\nもしかして、星南会長？,<r\=経験者って――>有经验的人是指……</r>\r\n<r\=もしかして、星南会長？>难道说，是星南会长？</r>
adv_cidol-amao-3-007_03.txt,39,憧れの『Campus mode!!』を\n歌えるなんて――,<r\=憧れの『Campus mode!!』を>能够演唱憧憬已久的《Campus mode!!》，</r>\r\n<r\=歌えるなんて――>真的是——</r>
adv_cidol-amao-3-007_03.txt,108,『Campus mode!!』は、\n先輩たちの想いを\n受け継いできた楽曲だから、,<r\=『Campus mode!!』は、>『Campus mode!!』是一首</r>\r\n<r\=先輩たちの想いを>传承了前辈们的心意</r>\r\n<r\=受け継いできた楽曲だから、>的乐曲，</r>
adv_cidol-amao-3-007_03.txt,121,今日のステージに足を運んで\nくれたファンの中にも、,<r\=今日のステージに足を運んで>今天专程来到舞台现场的，</r>\r\n<r\=くれたファンの中にも、>粉丝们中也有</r>
adv_cidol-amao-3-009_02.txt,37,すぐに繕えるように\nしておかなければなりませんから。,<r\=すぐに繕えるように>必须提前做好准备</r>\r\n<r\=しておかなければなりませんから。>以便能够立即修补。</r>
adv_cidol-amao-3-009_02.txt,109,そうですね。最適な配置の\nバランスを考えるのは、,<r\=そうですね。最適な配置の>是啊，考虑最佳</r>\r\n<r\=バランスを考えるのは、>配置的平衡，</r>
adv_cidol-fktn-3-000_02.txt,164,納得できない？　じゃあ、\nもう少し言わせてもらうけど。,<r\=納得できない？　じゃあ、>无法接受吗？好吧，</r>\r\n<r\=もう少し言わせてもらうけど。>让我再说几句。</r>
adv_cidol-fktn-3-000_03.txt,46,幾つかのハードルを\n越える必要があるのですが。,<r\=幾つかのハードルを>需要跨越几个</r>\r\n<r\=越える必要があるのですが。>障碍。</r>
adv_cidol-fktn-3-000_03.txt,53,このために学園に入った\nまでありますよあたし！,<r\=このために学園に入った>为此我才进入</r>\r\n<r\=までありますよあたし！>这所学院的呢！</r>
adv_cidol-fktn-3-001_01.txt,79,申し訳ない気持ちに\nなったりしてたんです。説明おわり。,<r\=申し訳ない気持ちに>感到抱歉的心情</r>\r\n<r\=なったりしてたんです。説明おわり。>之类的。说明结束。</r>
adv_cidol-fktn-3-007_01.txt,14,プロデューサーからの\n熱烈なアプローチっ――,<r\=プロデューサーからの>制作人发起的</r>\r\n<r\=熱烈なアプローチっ――>热烈追求啊――</r>
adv_cidol-fktn-3-007_01.txt,22,お～、自らハードルを\n上げましたね……？,<r\=お～、自らハードルを>哦～，你自己把门槛</r>\r\n<r\=上げましたね……？>提高了呢……？</r>
adv_cidol-fktn-3-007_01.txt,35,ウワーッ！　\nこ、これッ――もしかして！,<r\=ウワーッ！　>哇啊！</r>\r\n<r\=こ、これッ――もしかして！>这、这是——难道说！</r>
adv_cidol-hrnm-3-000_01.txt,135,そうです。なので、もっとイメージの\n解像度を上げるために、,<r\=そうです。なので、もっとイメージの>是的。因此，为了进一步提高</r>\r\n<r\=解像度を上げるために、>意象的解析度，</r>
adv_cidol-hrnm-3-000_01.txt,141,ざっとでいいので、素直な気持ちを、\nノートに書いてみてください。,<r\=ざっとでいいので、素直な気持ちを、>请大致地、坦率地写下你的心情，</r>\r\n<r\=ノートに書いてみてください。>试着写在笔记本上吧。</r>
adv_cidol-hrnm-3-000_01.txt,153,それは、はい。\nプロデューサーですので。,<r\=それは、はい。>是的。</r>\r\n<r\=プロデューサーですので。>因为是制作人。</r>
adv_cidol-hrnm-3-002_03.txt,19,んん～っ、歌うのって、\nやっぱり楽しいっ♪,<r\=んん～っ、歌うのって、>嗯～，唱歌果然还是……</r>\r\n<r\=やっぱり楽しいっ♪>很开心呢♪</r>
adv_cidol-hrnm-3-002_03.txt,23,姫崎さんは、本当に\n楽しそうに歌いますね。,<r\=姫崎さんは、本当に>姬崎小姐，你真的</r>\r\n<r\=楽しそうに歌いますね。>唱得很开心呢。</r>
adv_cidol-hrnm-3-002_03.txt,28,もともと、私がアイドルになろうって\n思ったきっかけは――,<r\=もともと、私がアイドルになろうって>原本，我之所以想成为偶像</r>\r\n<r\=思ったきっかけは――>的契机是——</r>
adv_cidol-hrnm-3-002_03.txt,32,小さい頃に観た、\nお歌のお姉さんだからね。,<r\=小さい頃に観た、>因为是我小时候看过的</r>\r\n<r\=お歌のお姉さんだからね。>唱歌的大姐姐嘛。</r>
adv_cidol-hrnm-3-002_03.txt,36,もちろん、ステージで歌うのが\n一番楽しいけど。,<r\=もちろん、ステージで歌うのが>固然在舞台上唱歌</r>\r\n<r\=一番楽しいけど。>是最开心的，不过。</r>
adv_cidol-hrnm-3-002_03.txt,45,カラオケで自由気ままに歌うのも、\nすっごく楽しいよ。,<r\=カラオケで自由気ままに歌うのも、>在卡拉OK随心所欲地唱歌，</r>\r\n<r\=すっごく楽しいよ。>真的超开心。</r>
adv_cidol-hrnm-3-002_03.txt,53,レッスンで歌うのは、\nまた違うんだよね。,<r\=レッスンで歌うのは、>在训练中唱歌的话，</r>\r\n<r\=また違うんだよね。>感觉又不一样呢。</r>
adv_cidol-hrnm-3-002_03.txt,60,上手く歌おうとか、成長しようとか、\nしっかり声を出そうとか――,<r\=上手く歌おうとか、成長しようとか、>想要唱得更好、想要有所成长、</r>\r\n<r\=しっかり声を出そうとか――>想要稳稳地发出声音——</r>
adv_cidol-hrnm-3-002_03.txt,64,いろいろ考えて歌ってるから、\n楽しむ余裕はちょっとないかも。,<r\=いろいろ考えて歌ってるから、>因为要考虑的事情太多，</r>\r\n<r\=楽しむ余裕はちょっとないかも。>可能没有余力享受这个过程了。</r>
adv_cidol-hrnm-3-002_03.txt,66,レッスンのときの姫崎さんは、\n本当に真剣ですからね。,<r\=レッスンのときの姫崎さんは、>姬崎同学训练时，</r>\r\n<r\=本当に真剣ですからね。>真的很认真呢。</r>
adv_cidol-hrnm-3-002_03.txt,78,……そっか。ちゃんと、\n見ててくれてたんだ。,<r\=……そっか。ちゃんと、>……是吗。原来你一直在……</r>\r\n<r\=見ててくれてたんだ。>好好地看着我啊。</r>
adv_cidol-hrnm-3-002_03.txt,92,ほんとはね、ちょっと、\n不安だったんだ。,<r\=ほんとはね、ちょっと、>其实呢，我有点</r>\r\n<r\=不安だったんだ。>不安的。</r>
adv_cidol-hrnm-3-002_03.txt,99,最近、{user}くんと、\nあんまりお話しできてなかったから、,<r\=最近、{user}くんと、>最近，都没怎么</r>\r\n<r\=あんまりお話しできてなかったから、>和{user}君说过话，所以，</r>
adv_cidol-hrnm-3-002_03.txt,106,私のこと、ちゃんと\n見てくれてるのかなって。,<r\=私のこと、ちゃんと>你是否有在好好</r>\r\n<r\=見てくれてるのかなって。>看着我呢？</r>
adv_cidol-hrnm-3-002_03.txt,117,きみが私のために頑張って\nくれてることも知ってる。,<r\=きみが私のために頑張って>我也知道你正在为我</r>\r\n<r\=くれてることも知ってる。>而努力这件事。</r>
adv_cidol-hrnm-3-002_03.txt,121,今日だって、こうして\n時間作ってくれたのに――,<r\=今日だって、こうして>今天也是，</r>\r\n<r\=時間作ってくれたのに――>特意为我腾出时间却——</r>
adv_cidol-hrnm-3-002_03.txt,125,だけど、もっと見てほしい……なんて、\n思っちゃったんだ。,<r\=だけど、もっと見てほしい……なんて、>可是，希望你能更多地注视着我……之类的，</r>\r\n<r\=思っちゃったんだ。> 我竟然这么想了。</r>
adv_cidol-hrnm-3-002_03.txt,134,あ、ご、ごめんね！\nなんか、変なこと言っちゃって、,<r\=あ、ご、ごめんね！>啊，对、对不起！</r>\r\n<r\=なんか、変なこと言っちゃって、>我好像说了奇怪的话，</r>
adv_cidol-hrnm-3-002_03.txt,142,姫崎さんのこと、しっかり\n見ているつもりで、,<r\=姫崎さんのこと、しっかり>关于姬崎小姐的事，我自认为</r>\r\n<r\=見ているつもりで、>一直在认真关注着，</r>
adv_cidol-hrnm-3-002_03.txt,158,あ、次、{user}くんの\n番だよ。曲入れないと――,<r\=あ、次、{user}くんの>啊，接下来轮到{user}君了。</r>\r\n<r\=番だよ。曲入れないと――>不放曲子的话——</r>
adv_cidol-hrnm-3-002_03.txt,168,今日は姫崎さんの歌を、\nもっと聴いていたいので。,<r\=今日は姫崎さんの歌を、>今天我还想多听听</r>\r\n<r\=もっと聴いていたいので。>姬崎小姐的歌声。</r>
adv_cidol-hrnm-3-002_03.txt,172,……そっか。えへへ。\nうん、わかったよ。,<r\=……そっか。えへへ。>……这样啊。嘿嘿。</r>\r\n<r\=うん、わかったよ。>嗯，我知道了。</r>
adv_cidol-hrnm-3-002_03.txt,178,今日はいっぱいお話しして、\nいっぱい私の歌を聴いてほしいな。,<r\=今日はいっぱいお話しして、>今天想和你聊很多很多，</r>\r\n<r\=いっぱい私の歌を聴いてほしいな。>也想让你多听听我的歌。</r>
adv_cidol-hrnm-3-002_03.txt,210,莉波お姉さんの膝枕。最近、\nあんまりできてなかったなぁって。,<r\=莉波お姉さんの膝枕。最近、>莉波姐姐的膝枕。最近，</r>\r\n<r\=あんまりできてなかったなぁって。>都没怎么享受到呢。</r>
adv_cidol-hrnm-3-002_03.txt,217,いえ、そ……それは、\nこんな場所ですし……,<r\=いえ、そ……それは、>不，那……那个……</r>\r\n<r\=こんな場所ですし……>在这种地方……</r>
adv_cidol-hrnm-3-002_03.txt,220,……今日は私の話、\n聞いてくれるんじゃなかったの？,<r\=……今日は私の話、>……今天不是说好了要听我说话的吗？</r>\r\n<r\=聞いてくれるんじゃなかったの？>不是说好了要听的吗？</r>
adv_cidol-hrnm-3-002_03.txt,228,疲れてたら、無理せずに、\n寝ちゃってもいんだよ？,<r\=疲れてたら、無理せずに、>如果累了的话，别勉强自己，</r>\r\n<r\=寝ちゃってもいんだよ？>直接去睡也没关系哦？</r>
adv_cidol-hrnm-3-002_03.txt,236,そしたら、昔みたく、\n子守歌を歌ってあげる。,<r\=そしたら、昔みたく、>那样的话，像以前那样，</r>\r\n<r\=子守歌を歌ってあげる。>给你唱摇篮曲。</r>
adv_cidol-hrnm-3-007_02.txt,180,お姉さんタイプの素質が\nあることには気付いていたけれど、,<r\=お姉さんタイプの素質が>虽然我早就发现自己</r>\r\n<r\=あることには気付いていたけれど、>具备大姐姐类型的潜质，但</r>
adv_cidol-hrnm-3-007_02.txt,184,こんなふうに、自然な形で\n引き出すことはできなかったわね。,<r\=こんなふうに、自然な形で>像这样以自然的方式</r>\r\n<r\=引き出すことはできなかったわね。>是无法引导出来的呢。</r>
adv_cidol-hrnm-3-007_02.txt,191,プロデューサーを目指す身として、\n不明を恥じるわ。,<r\=プロデューサーを目指す身として、>作为以制作人为目标的人，</r>\r\n<r\=不明を恥じるわ。>我为自己的无知感到羞愧。</r>
adv_cidol-hrnm-3-007_02.txt,204,{user}くんが、\n私の弟になるんです。,<r\={user}くんが、>{user}君要</r>\r\n<r\=私の弟になるんです。>成为我的弟弟了。</r>
adv_cidol-hrnm-3-007_02.txt,219,私がお姉さんになって、\n素の魅力を引き出す訓練で――,<r\=私がお姉さんになって、>当我成为姐姐后，</r>\r\n<r\=素の魅力を引き出す訓練で――>通过训练来激发你原本的魅力——</r>
adv_cidol-hrnm-3-007_02.txt,230,ど、独特のプロデュースを\nしているようね……,<r\=ど、独特のプロデュースを>这、这种独特的</r>\r\n<r\=しているようね……>制作方式，似乎……</r>
adv_cidol-hrnm-3-007_02.txt,236,あとでくわしく聞かせて\nもらうことにするわ。,<r\=あとでくわしく聞かせて>待会儿你得详细</r>\r\n<r\=もらうことにするわ。>告诉我哦。</r>
adv_cidol-hrnm-3-007_02.txt,256,少し厳しいレッスンになると思うけど、\n覚悟してね。,<r\=少し厳しいレッスンになると思うけど、>虽然可能会是一堂有点严格的课程，</r>\r\n<r\=覚悟してね。>但要做好心理准备哦。</r>
adv_cidol-hrnm-3-007_02.txt,275,違うわ。つま先はこう、\n指は美しく伸ばして――,<r\=違うわ。つま先はこう、>不对啦。脚尖要这样，</r>\r\n<r\=指は美しく伸ばして――>手指要优雅地伸展——</r>
adv_cidol-hrnm-3-007_02.txt,288,もっとよ。こう、翼のように、\n飛び立つハチドリのように――,<r\=もっとよ。こう、翼のように、>再多些。就像这样，像翅膀一样，</r>\r\n<r\=飛び立つハチドリのように――>像起飞的蜂鸟一样——</r>
adv_cidol-hrnm-3-007_02.txt,295,……～～～っ！\nわ、わかりましたぁ……！,<r\=……～～～っ！>……啊～～～！</r>\r\n<r\=わ、わかりましたぁ……！>我、我知道了啦……！</r>
adv_cidol-hrnm-3-007_02.txt,302,莉波、次のステップに移るときは、\nメリハリを意識して！,<r\=莉波、次のステップに移るときは、>莉波，进入下一阶段时，</r>\r\n<r\=メリハリを意識して！>要注意张弛有度！</r>
adv_cidol-hrnm-3-007_02.txt,310,違うわ。まだ頭で考えてる！\n動作を身体に叩き込んで！,<r\=違うわ。まだ頭で考えてる！>不对。你还在用脑子想！</r>\r\n<r\=動作を身体に叩き込んで！>要让动作成为身体的本能！</r>
adv_cidol-hrnm-3-007_02.txt,325,（こ、こんなに厳しい\n　星南会長、初めて……）,<r\=（こ、こんなに厳しい>（居、居然这么严厉</r>\r\n<r\=　星南会長、初めて……）>　星南会长，这还是第一次……）</r>
adv_cidol-hrnm-3-007_02.txt,328,（でも、なんだか嬉しいな。\n　会長に厳しくされるの……）,<r\=（でも、なんだか嬉しいな。>（不过，总觉得有点开心呢。</r>\r\n<r\=　会長に厳しくされるの……）>　被会长严格要求……）</r>
adv_cidol-hrnm-3-007_02.txt,332,（昔の私だったら、きっと、\n　優しくされてたから……）,<r\=（昔の私だったら、きっと、>（如果是过去的我，一定是因为</r>\r\n<r\=　優しくされてたから……）>　被温柔以待了……）</r>
adv_cidol-hrnm-3-007_02.txt,355,はい、会長。\nありがとうございました！,<r\=はい、会長。>好的，会长。</r>\r\n<r\=ありがとうございました！>谢谢您！</r>
adv_cidol-hrnm-3-007_02.txt,363,厳しい指導でしたが、\nなにか掴めましたか？,<r\=厳しい指導でしたが、>虽然指导很严格，</r>\r\n<r\=なにか掴めましたか？>你有所收获吗？</r>
adv_cidol-hrnm-3-007_02.txt,364,――うん。伝わった。\n星南会長の大切にしていること。,<r\=――うん。伝わった。>――嗯，我感受到了。</r>\r\n<r\=星南会長の大切にしていること。>星南会长最珍视的事物。</r>
adv_cidol-hrnm-3-007_02.txt,377,『Campus mode!!』を\n身に着けた、初星の先輩たちの想い、,<r\=『Campus mode!!』を>承载着『Campus mode!!』</r>\r\n<r\=身に着けた、初星の先輩たちの想い、>的初星前辈们的心意，</r>
adv_cidol-hrnm-3-007_03.txt,138,デザイナーさんに\n提出しただけです。,<r\=デザイナーさんに>只是提交给设计师</r>\r\n<r\=提出しただけです。>了。</r>
adv_cidol-hrnm-3-008_01.txt,168,……うーん、悩みってほどじゃ\nないんだけどね。,<r\=……うーん、悩みってほどじゃ>……嗯……虽然算不上什么烦恼</r>\r\n<r\=ないんだけどね。>不过呢。</r>
adv_cidol-hrnm-3-008_01.txt,207,プロデューサーさんに\n渡すチョコだよ。,<r\=プロデューサーさんに>这是要送给制作人先生</r>\r\n<r\=渡すチョコだよ。>的巧克力哦。</r>
adv_cidol-hrnm-3-008_01.txt,211,ほ、ほら、日頃からすごく\nお世話になってるから――,<r\=ほ、ほら、日頃からすごく>看、看吧，因为平时一直</r>\r\n<r\=お世話になってるから――>受你很多照顾所以——</r>
adv_cidol-hrnm-3-008_03.txt,33,（……{user}くん、\nチョコをくれる人は\nいるって言ってたけど）,<r\=（……{user}くん、>（……{user}君，</r>\r\n<r\=チョコをくれる人は>你说过会有送你巧克力的人</r>\r\n<r\=いるって言ってたけど）>不过……）</r>
adv_cidol-hrnm-3-008_03.txt,210,はいっ、バレンタインのチョコ、\n{user}くんに\nあげますっ！,<r\=はいっ、バレンタインのチョコ、>好、情人节巧克力、</r>\r\n<r\={user}くんに>要送给{user}君</r>\r\n<r\=あげますっ！>的哦！</r>
adv_cidol-hski-3-002_01.txt,13,……咲季さんが想像している\nようなものではなく。,<r\=……咲季さんが想像している>……并不是咲季小姐</r>\r\n<r\=ようなものではなく。>所想象的那样的。</r>
adv_cidol-hski-3-002_01.txt,24,アイドルに夏休みはないと、\nよく言われています。,<r\=アイドルに夏休みはないと、>人们常说道，</r>\r\n<r\=よく言われています。>偶像没有暑假。</r>
adv_cidol-hski-3-002_01.txt,34,授業がないぶん、自由時間は\n増えるけど……,<r\=授業がないぶん、自由時間は>虽然没课的话，自由时间</r>\r\n<r\=増えるけど……>会增加……</r>
adv_cidol-hski-3-002_01.txt,40,きちんと計画を立てなくちゃ、\n乗り切れないわ。,<r\=きちんと計画を立てなくちゃ、>必须好好制定计划，</r>\r\n<r\=乗り切れないわ。>否则撑不过去。</r>
adv_cidol-hski-3-002_01.txt,42,アイドル活動のスケジューリングは\nお任せください。,<r\=アイドル活動のスケジューリングは>偶像活动的行程安排</r>\r\n<r\=お任せください。>就交给我吧。</r>
adv_cidol-hski-3-002_01.txt,43,勝負に使うのは、夏休み中の\n休養計画です。,<r\=勝負に使うのは、夏休み中の>关键在于暑假期间的</r>\r\n<r\=休養計画です。>休养计划。</r>
adv_cidol-hski-3-002_01.txt,51,咲季さんらしい過ごし方で、\nとても心強いのですが。,<r\=咲季さんらしい過ごし方で、>这很符合咲季小姐一贯的作风，</r>\r\n<r\=とても心強いのですが。>让人感到非常可靠。</r>
adv_cidol-hski-3-002_01.txt,90,ところで……もちろん計画の実践には、\nあなたが付き合ってくれるのよね。,<r\=ところで……もちろん計画の実践には、>话说回来……当然在实践计划时，</r>\r\n<r\=あなたが付き合ってくれるのよね。>你会陪我一起的对吧。</r>
adv_cidol-hski-3-008_01.txt,101,初星学園伝統の衣装と楽曲で、\n『N.I.A』を勝ち抜いて\nいきましょう！,<r\=初星学園伝統の衣装と楽曲で、>以初星学园传统的服装与乐曲，</r>\r\n<r\=『N.I.A』を勝ち抜いて>在『N.I.A』中脱颖而出</r>\r\n<r\=いきましょう！>一起加油吧！</r>
adv_cidol-hski-3-008_02.txt,37,アイドルの衣装を戦闘服と呼ぶのは\nやめましょうね。それに……,<r\=アイドルの衣装を戦闘服と呼ぶのは>请不要将偶像的服装</r>\r\n<r\=やめましょうね。それに……>称为战斗服。还有……</r>
adv_cidol-hski-3-008_03.txt,56,はじめてファンレターを\n読んだ日のこと。,<r\=はじめてファンレターを>第一次读到粉丝来信</r>\r\n<r\=読んだ日のこと。>那天的情景。</r>
adv_cidol-hski-3-011_01.txt,93,あなたをプロデュースさせて\nください――って。,<r\=あなたをプロデュースさせて>请让我来为你打造形象</r>\r\n<r\=ください――って。>之类的。</r>
adv_cidol-hski-3-011_01.txt,168,そんな不屈のアイドルを\n育てたいと思ったんです。,<r\=そんな不屈のアイドルを>我就是想培养这样</r>\r\n<r\=育てたいと思ったんです。>不屈不挠的偶像。</r>
adv_cidol-hski-3-011_03.txt,70,思った瞬間に言ってしまっている\nような気がしますよ。,<r\=思った瞬間に言ってしまっている>总是在想到的瞬间就说出口</r>\r\n<r\=ような気がしますよ。>好像有这样的感觉。</r>
adv_cidol-hski-3-011_03.txt,86,であれば、いざ腹を割って話しましょう\nと、なっても……,<r\=であれば、いざ腹を割って話しましょう>既然如此，不妨开诚布公地谈谈吧</r>\r\n<r\=と、なっても……>就算演变成……的局面</r>
adv_cidol-hume-3-006_01.txt,97,佑芽さんにはこれを\n習得してもらいます。,<r\=佑芽さんにはこれを>要让佑芽小姐</r>\r\n<r\=習得してもらいます。>学会这个。</r>
adv_cidol-hume-3-006_02.txt,4,佑芽さん。以前、こう言ったのを\n覚えていますか？,<r\=佑芽さん。以前、こう言ったのを>佑芽小姐。以前说过的话</r>\r\n<r\=覚えていますか？>还记得吗？</r>
adv_cidol-hume-3-006_02.txt,10,このままアイドルとしての数値を\n積み上げて――,<r\=このままアイドルとしての数値を>就这样作为偶像积累数值</r>\r\n<r\=積み上げて――>继续提升——</r>
adv_cidol-hume-3-006_02.txt,11,無敵の咲季さんを\nすり潰してやりましょう、と。,<r\=無敵の咲季さんを>无敌的咲季小姐，</r>\r\n<r\=すり潰してやりましょう、と。>咱们来把她碾碎吧，这样说道。</r>
adv_cidol-hume-3-006_02.txt,109,では、元気にリベンジと\nいきましょうか。,<r\=では、元気にリベンジと>那么，就让我们元气满满地</r>\r\n<r\=いきましょうか。>开始复仇吧。</r>
adv_cidol-jsna-3-000_03.txt,14,新曲のレッスンに\n付きあってもらったの。,<r\=新曲のレッスンに>新曲的课程</r>\r\n<r\=付きあってもらったの。>是你陪我一起练习的。</r>
adv_cidol-jsna-3-002_01.txt,63,『N.I.A』で\n『Campus mode!!』を歌う\n生徒たちを支援することにもなる。,<r\=『N.I.A』で>通过在『N.I.A』上</r>\r\n<r\=『Campus mode!!』を歌う>演唱『Campus mode!!』</r>\r\n<r\=生徒たちを支援することにもなる。>来支持学生们。</r>
adv_cidol-jsna-3-002_01.txt,107,果たして追いつけるだろうかと\n悩むことがあります。,<r\=果たして追いつけるだろうかと>我有时会担心自己是否真的能赶上，</r>\r\n<r\=悩むことがあります。>为此感到烦恼。</r>
adv_cidol-jsna-3-003_02.txt,13,私の生配信を\n観てくれてありがとう。,<r\=私の生配信を>谢谢大家</r>\r\n<r\=観てくれてありがとう。>观看我的直播。</r>
adv_cidol-jsna-3-003_02.txt,23,バレンタインチョコレートの\n手作り配信をしていくわ。,<r\=バレンタインチョコレートの>我要开始直播手工制作</r>\r\n<r\=手作り配信をしていくわ。>情人节巧克力的节目了。</r>
adv_cidol-jsna-3-003_02.txt,52,いつも厳しい彼女が、いったいどんな\n可愛いチョコレートを作るのか――,<r\=いつも厳しい彼女が、いったいどんな>总是严厉的她究竟会做出怎样</r>\r\n<r\=可愛いチョコレートを作るのか――>可爱的巧克力呢——</r>
adv_cidol-jsna-3-003_02.txt,178,作ればいいのだろう？　\nバレンタインのチョコレートとやらを。,<r\=作ればいいのだろう？　>只要做就行了吗？</r>\r\n<r\=バレンタインのチョコレートとやらを。>所谓的那个情人节巧克力。</r>
adv_cidol-jsna-3-003_02.txt,211,そうねえ……燕、あなたはどんな人が\n好みのタイプかしら？,<r\=そうねえ……燕、あなたはどんな人が>嗯……小燕，你喜欢</r>\r\n<r\=好みのタイプかしら？>什么样的人呢？</r>
adv_cidol-jsna-3-003_02.txt,233,あなたのしっかり仕事を果たそうとする\n姿勢、いいと思うわ。,<r\=あなたのしっかり仕事を果たそうとする>你认真完成工作的态度</r>\r\n<r\=姿勢、いいと思うわ。>我觉得很棒。</r>
adv_cidol-kcna-3-002_02.txt,102,ぜひ、アドバイスなど\nいただけたらとっ。,<r\=ぜひ、アドバイスなど>如果您能提供建议等</r>\r\n<r\=いただけたらとっ。>我将非常感激。</r>
adv_cidol-kcna-3-007_02.txt,226,すべてチェックしたと思って\nおりましたが！,<r\=すべてチェックしたと思って>我明明已经全部</r>\r\n<r\=おりましたが！>检查过了呀！</r>
adv_cidol-kcna-3-009_01.txt,24,倉本さんの予定には、いくつかの\n『ひな祭りパーティー』が\nありましたね。,<r\=倉本さんの予定には、いくつかの>仓本小姐的日程安排中，</r>\r\n<r\=『ひな祭りパーティー』が>有几个『女儿节派对』</r>\r\n<r\=ありましたね。>的样子呢。</r>
adv_cidol-kcna-3-009_01.txt,41,かしこまりました。もちろん、\nアイドルとしてのお仕事ですもの。,<r\=かしこまりました。もちろん、>明白了。当然，</r>\r\n<r\=アイドルとしてのお仕事ですもの。>作为偶像的工作嘛。</r>
adv_cidol-kcna-3-009_01.txt,47,決して失敗してはならない\nライブですわ。,<r\=決して失敗してはならない>绝对不能失败的</r>\r\n<r\=ライブですわ。>直播哦。</r>
adv_cidol-kcna-3-009_01.txt,51,ですけれど、先生。ほんのすこしだけ、\n肩の力を抜いてくださいませ。,<r\=ですけれど、先生。ほんのすこしだけ、>不过，老师。请您稍微</r>\r\n<r\=肩の力を抜いてくださいませ。>放松一下肩膀的力量。</r>
adv_cidol-kcna-3-009_01.txt,70,アイドルとしてライブができるだけの\n実力が付いてきましたので。,<r\=アイドルとしてライブができるだけの>作为偶像举办现场演出所需的</r>\r\n<r\=実力が付いてきましたので。>实力至此已经全部具备。</r>
adv_cidol-kcna-3-009_01.txt,88,サロンとしての性質を持った\nパーティーではありませんわ。,<r\=サロンとしての性質を持った>这并不是具有</r>\r\n<r\=パーティーではありませんわ。>沙龙性质的派对哦。</r>
adv_cidol-kcna-3-009_01.txt,112,『倉本本邸でパーティーをする』\nというものがありましたね。,<r\=『倉本本邸でパーティーをする』>『在仓本宅邸举办派对』</r>\r\n<r\=というものがありましたね。>有过这么一件事吧。</r>
adv_cidol-kcna-3-009_01.txt,119,はい……とってもお忙しい方々ばかり\nですのに……いつだって、,<r\=はい……とってもお忙しい方々ばかり>是啊……各位明明都如此忙碌</r>\r\n<r\=ですのに……いつだって、>……但无论何时、</r>
adv_cidol-kcna-3-009_01.txt,123,わたくしとの時間を\n優先してくださいますの。,<r\=わたくしとの時間を>您会优先考虑与我共度的时光</r>\r\n<r\=優先してくださいますの。>吗。</r>
adv_cidol-kcna-3-009_01.txt,128,そこには常に『倉本千奈ファースト』\nの精神があります。,<r\=そこには常に『倉本千奈ファースト』>那里始终存在着『仓本千奈优先』</r>\r\n<r\=の精神があります。>的精神。</r>
adv_cidol-kcna-3-009_01.txt,131,先生。わたくし、\n最初にお伝えしましたわ。,<r\=先生。わたくし、>老师。我，</r>\r\n<r\=最初にお伝えしましたわ。>一开始就跟您说过了。</r>
adv_cidol-kcna-3-009_03.txt,92,長年、厳しいレッスンを積んできた\nわけではありませんもの。,<r\=長年、厳しいレッスンを積んできた>我并没有经历过</r>\r\n<r\=わけではありませんもの。>多年累积的严格训练。</r>
adv_cidol-kcna-3-009_03.txt,127,そこまで高評価を\nいただいてしまっては……,<r\=そこまで高評価を>得到如此高度的评价</r>\r\n<r\=いただいてしまっては……>实在是……</r>
adv_cidol-kllj-3-005_03.txt,47,葛城さんの好きなロボットアニメ\nですね。,<r\=葛城さんの好きなロボットアニメ>是葛城小姐喜欢的机器人动画</r>\r\n<r\=ですね。>呢。</r>
adv_cidol-kllj-3-005_03.txt,62,ロボット自体も洗練されたデザインで\nとってもカッコいいんですけど、,<r\=ロボット自体も洗練されたデザインで>机器人本身的设计也非常精炼，</r>\r\n<r\=とってもカッコいいんですけど、>非常帅气，不过，</r>
adv_cidol-kllj-3-010_01.txt,94,気づいたら、すっかり遅い時間に\nなっちゃってました……。,<r\=気づいたら、すっかり遅い時間に>回过神来，时间已经</r>\r\n<r\=なっちゃってました……。>很晚了……。</r>
adv_cidol-shro-3-000_03.txt,102,そんなわたしを好きになって\nくれる人たちがいるなんて……,<r\=そんなわたしを好きになって>竟然还有人会喜欢这样的我</r>\r\n<r\=くれる人たちがいるなんて……>……</r>
adv_cidol-shro-3-000_03.txt,141,いままでシンプルに\n考えていたことが……,<r\=いままでシンプルに>迄今为止一直简单地</r>\r\n<r\=考えていたことが……>思考的事情……</r>
adv_cidol-shro-3-001_02.txt,32,きゅ、急にとんでもない会話が\n始まりましたわ……,<r\=きゅ、急にとんでもない会話が>呜、呜啊……突然就展开了不得了的对话</r>\r\n<r\=始まりましたわ……>了呀……</r>
adv_cidol-shro-3-001_02.txt,70,えっと……あたしが思う、\n広ちゃんの魅力はね～。,<r\=えっと……あたしが思う、>那个……我觉得啊，</r>\r\n<r\=広ちゃんの魅力はね～。>小广的魅力嘛～。</r>
adv_cidol-shro-3-001_02.txt,111,だけどあたし……\n広ちゃんのこと、大好きだよ。\n,<r\=だけどあたし……>可是我……</r>\r\n<r\=広ちゃんのこと、大好きだよ。>最喜欢小广你了。</r>
adv_cidol-shro-3-002_02.txt,19,ホラー映画と、そのメイキング映像など\nも用意しました。,<r\=ホラー映画と、そのメイキング映像など>我们准备了恐怖电影及其制作花絮视频等</r>\r\n<r\=も用意しました。>已准备完毕。</r>
adv_cidol-shro-3-002_02.txt,76,なんで先にメイキング映像から\n見せちゃったの？,<r\=なんで先にメイキング映像から>为什么先把幕后花絮视频</r>\r\n<r\=見せちゃったの？>放给我们看啊？</r>
adv_cidol-shro-3-002_03.txt,172,悪戯をされる側の気持ち、\n味わってもらおう。,<r\=悪戯をされる側の気持ち、>被恶作剧的人的心情，</r>\r\n<r\=味わってもらおう。>让你也尝尝吧。</r>
adv_cidol-shro-3-007_01.txt,68,『Campus mode!!』を\n知っていますか？,<r\=『Campus mode!!』を>『Campus mode!!』</r>\r\n<r\=知っていますか？>你知道吗？</r>
adv_cidol-shro-3-007_01.txt,135,……色々、込み上げるものが\nあったんです。,<r\=……色々、込み上げるものが>……心中，突然涌起了</r>\r\n<r\=あったんです。>种种复杂的情绪。</r>
adv_cidol-shro-3-007_02.txt,20,いまなら……激しいダンスのある曲も\n歌えそうな気がしてきた。,<r\=いまなら……激しいダンスのある曲も>现在的话……感觉就连带有激烈舞蹈</r>\r\n<r\=歌えそうな気がしてきた。>的歌曲也能唱了。</r>
adv_cidol-ssmk-3-001_01.txt,48,あたしは夏服を買いに行こうと\n思ってたんだよね！,<r\=あたしは夏服を買いに行こうと>我原本是打算</r>\r\n<r\=思ってたんだよね！>去买夏装的呢！</r>
adv_cidol-ssmk-3-001_01.txt,137,だよね！　あたしもこっちが良いと\n思ってたんだ～♪,<r\=だよね！　あたしもこっちが良いと>就是啊！我也觉得</r>\r\n<r\=思ってたんだ～♪>这样更好呢～♪</r>
adv_cidol-ssmk-3-007_02.txt,216,清夏ちゃんが急に諦めるなんて\n言い出した理由は――,<r\=清夏ちゃんが急に諦めるなんて>清夏突然说要放弃</r>\r\n<r\=言い出した理由は――>的理由是――</r>
adv_cidol-ttmr-3-002_01.txt,27,ハロウィンのステージで歌うことに\nなっていたはずですが。,<r\=ハロウィンのステージで歌うことに>原本预定是在万圣节舞台</r>\r\n<r\=なっていたはずですが。>演唱的呢。</r>
adv_cidol-ttmr-3-002_01.txt,50,衣装を自分たちで\n用意しなくちゃいけなくて……,<r\=衣装を自分たちで>服装必须由我们自己</r>\r\n<r\=用意しなくちゃいけなくて……>来准备……</r>
adv_cidol-ttmr-3-002_01.txt,57,適当に既製品を用意しようと\n思っていたんですけど……,<r\=適当に既製品を用意しようと>我本来打算随便准备点</r>\r\n<r\=思っていたんですけど……>现成的东西的……</r>
adv_cidol-ttmr-3-002_01.txt,89,もしも当日……手作り衣装が\n用意できなかったら……,<r\=もしも当日……手作り衣装が>如果当天……手作服装</r>\r\n<r\=用意できなかったら……>没能准备好的话……</r>
adv_cidol-ttmr-3-002_02.txt,15,クラスメイトに自慢できる衣装である\nこと。,<r\=クラスメイトに自慢できる衣装である>这是一套可以向同班同学炫耀的</r>\r\n<r\=こと。>服装。</r>
adv_cidol-ttmr-3-009_03.txt,99,私、みっしりした食感の食べ物が\n好きなんですけど。,<r\=私、みっしりした食感の食べ物が>我啊，就是喜欢</r>\r\n<r\=好きなんですけど。>口感扎实的食物。</r>
adv_cidol-ttmr-3-009_03.txt,164,最初に話そうとしていたエピソードを\n聞きたいのですが。,<r\=最初に話そうとしていたエピソードを>我想听您最初想要讲述的</r>\r\n<r\=聞きたいのですが。>那个故事。</r>
adv_csprt-2-0009_02.txt,115,は？　あなたと……勝負した\nつもりなんて……ない、けど……？,<r\=は？　あなたと……勝負した>哈？我和你……较量过</r>\r\n<r\=つもりなんて……ない、けど……？>什么的……并没有，不过……？</r>
adv_csprt-2-0018_02.txt,40,（……っ、な、なんなの～！\n　このフィジカルお化け……！）,<r\=（……っ、な、なんなの～！>（……呜、怎、怎么回事啊～！</r>\r\n<r\=　このフィジカルお化け……！）>　这个体能怪物……！）</r>
adv_csprt-3-0007_01.txt,5,（……ううぅ、新入生の入寮の\n歓迎会って聞いてきたけど……）,<r\=（……ううぅ、新入生の入寮の>（……呜呜，听说有新生入住的</r>\r\n<r\=歓迎会って聞いてきたけど……）>欢迎会，不过……）</r>
adv_csprt-3-0007_01.txt,19,（……人が大勢いる場所って苦手だな。\n清夏ちゃんもいないし……）,<r\=（……人が大勢いる場所って苦手だな。>（……人多的地方我实在应付不来。</r>\r\n<r\=清夏ちゃんもいないし……）>清夏也不在身边……）</r>
adv_csprt-3-0007_01.txt,23,（……でも、アイドルになるんだから、\n人見知りなんてしてちゃだめ）,<r\=（……でも、アイドルになるんだから、>（……不过既然要成为偶像，</r>\r\n<r\=人見知りなんてしてちゃだめ）>就不能怕生）</r>
adv_csprt-3-0007_01.txt,31,（……～っ、ゆ、勇気を出して、\nだ、誰かに声を……）,<r\=（……～っ、ゆ、勇気を出して、>（……～、鼓、鼓起勇气，</r>\r\n<r\=だ、誰かに声を……）>向、向某人搭话……）</r>
adv_csprt-3-0007_01.txt,47,――ふわあっ！？\nわ、わたし……ですか？,<r\=――ふわあっ！？>――哇啊！？</r>\r\n<r\=わ、わたし……ですか？>是、是我……吗？</r>
adv_csprt-3-0007_01.txt,54,すまない、驚かせてしまったね。\n可憐な花が咲いていたから、,<r\=すまない、驚かせてしまったね。>抱歉，吓到你了吧。</r>\r\n<r\=可憐な花が咲いていたから、>因为看到有可爱的花开了，</r>
adv_csprt-3-0007_01.txt,59,思わず声をかけてしまったよ。\n飲み物は大丈夫？,<r\=思わず声をかけてしまったよ。>我不由得叫住了你。</r>\r\n<r\=飲み物は大丈夫？>饮料没问题吗？</r>
adv_csprt-3-0007_01.txt,64,あ、ありがとうございます！\nええっと……,<r\=あ、ありがとうございます！>啊、谢谢您！</r>\r\n<r\=ええっと……>那个……</r>
adv_csprt-3-0007_01.txt,71,ああ、失敬。ボクは3年の有村麻央。\nこの寮の寮長をさせてもらってる。,<r\=ああ、失敬。ボクは3年の有村麻央。>啊，失礼了。我是三年级的有村麻央。</r>\r\n<r\=この寮の寮長をさせてもらってる。>目前担任这间宿舍的舍长。</r>
adv_csprt-3-0007_01.txt,79,セ、センパイ……！\n寮長さん！？,<r\=セ、センパイ……！>前、前辈……！</r>\r\n<r\=寮長さん！？>宿舍长！？</r>
adv_csprt-3-0007_01.txt,85,あ、あの、わたしは、リーリヤ。\n1年の葛城リーリヤです。,<r\=あ、あの、わたしは、リーリヤ。>啊，那个，我是莉莉娅。</r>\r\n<r\=1年の葛城リーリヤです。>一年级的葛城莉莉娅。</r>
adv_csprt-3-0007_01.txt,94,リーリヤ、美しい名前だね。\n海外――北欧の出身かな？,<r\=リーリヤ、美しい名前だね。>莉莉娅，真是个美丽的名字啊。</r>\r\n<r\=海外――北欧の出身かな？>你是来自海外——北欧地区吗？</r>
adv_csprt-3-0007_01.txt,100,は、はい……！\nスウェーデンから来ました。,<r\=は、はい……！>啊，是……！</r>\r\n<r\=スウェーデンから来ました。>我来自瑞典。</r>
adv_csprt-3-0007_01.txt,108,日本語、まだ上手じゃないですけど、\nよ、よろしくお願いします！,<r\=日本語、まだ上手じゃないですけど、>我的日语还不太熟练，不过</r>\r\n<r\=よ、よろしくお願いします！>那、那个……请多指教！</r>
adv_csprt-3-0007_01.txt,111,よろしく。せっかくの歓迎会だ。\n楽しんでいってくれたまえ。,<r\=よろしく。せっかくの歓迎会だ。>请多关照。难得举办的欢迎会。</r>\r\n<r\=楽しんでいってくれたまえ。>请好好享受吧。</r>
adv_csprt-3-0016_01.txt,20,全員、ひとりたりとも\n欠けることなく――,<r\=全員、ひとりたりとも>全员，一个都</r>\r\n<r\=欠けることなく――>不能少――</r>
adv_csprt-3-0022_02.txt,30,（どんな時でも、スマートかつ\n　優雅な王子様であるために……ん？）,<r\=（どんな時でも、スマートかつ>（无论何时，为了成为聪明且</r>\r\n<r\=　優雅な王子様であるために……ん？）>　优雅的王子……嗯？）</r>
adv_csprt-3-0023_02.txt,92,ふふ～、お父さんに学園のトレーニング\n設備の自慢をしたら、,<r\=ふふ～、お父さんに学園のトレーニング>呵呵～，向爸爸炫耀了学院的训练</r>\r\n<r\=設備の自慢をしたら、>设备了呢，</r>
adv_csprt-3-0034_01.txt,47,見て見て！　新しい秋物の\nルームウェア買っちゃった。,<r\=見て見て！　新しい秋物の>快看快看！新买的秋季</r>\r\n<r\=ルームウェア買っちゃった。>睡衣买回来啦！</r>
adv_csprt-3-0034_01.txt,90,私はアロマキャンドルを\nたまに使ってるよ。,<r\=私はアロマキャンドルを>我偶尔会使用</r>\r\n<r\=たまに使ってるよ。>芳香蜡烛哦。</r>
adv_csprt-3-0034_01.txt,104,本当？\nきっとその香りだね。,<r\=本当？>真的吗？</r>\r\n<r\=きっとその香りだね。>一定是那个香味吧。</r>
adv_csprt-3-0046_02.txt,61,この曲は初星学園そのものだと\n言っていい。,<r\=この曲は初星学園そのものだと>可以说这首歌本身就是</r>\r\n<r\=言っていい。>初星学园。</r>
adv_csprt-3-0046_02.txt,65,その代の生徒の出来を\n披露することに等しい。,<r\=その代の生徒の出来を>相当于将该届学生的成果</r>\r\n<r\=披露することに等しい。>展示于人前。</r>
adv_csprt-3-0054_03.txt,100,……これからは<r\=レジェンド>伝説の</r>マンモスさん\nって呼んだ方がいい？,<r\=……これからは伝説のマンモスさん>……今后是不是该称呼你为</r>\r\n<r\=って呼んだ方がいい？>传说中的猛犸象先生？</r>
adv_csprt-3-0054_03.txt,131,リーリヤは、自分の腕前をあまり\nひけらかしたくないタイプだったのね。,<r\=リーリヤは、自分の腕前をあまり>莉莉娅是属于不太想</r>\r\n<r\=ひけらかしたくないタイプだったのね。>炫耀自己本领的类型呢。</r>
adv_dear_amao_001.txt,151,ボクは可愛いアイドルになんて、\nなりたくない。,<r\=ボクは可愛いアイドルになんて、>我才不想成为什么可爱的偶像，</r>\r\n<r\=なりたくない。>一点都不想。</r>
adv_dear_amao_002.txt,207,麻央には、\n本当にいつも助けてもらってて、,<r\=麻央には、>麻央呢，</r>\r\n<r\=本当にいつも助けてもらってて、>总是经常帮助到我，</r>
adv_dear_amao_003.txt,43,かっこいい王子様になるって、\n決めたんです。,<r\=かっこいい王子様になるって、>要成为帅气的王子，</r>\r\n<r\=決めたんです。>我下定了决心。</r>
adv_dear_amao_004.txt,134,学園のトップアイドルたちのことを、\n思い出してください。,<r\=学園のトップアイドルたちのことを、>学园顶尖偶像们的那些事，</r>\r\n<r\=思い出してください。>请回想起来吧。</r>
adv_dear_amao_004.txt,136,それだけでトップに立っている人は、\nひとりもいないはずです。,<r\=それだけでトップに立っている人は、>仅凭这一点就能登上顶峰的人，</r>\r\n<r\=ひとりもいないはずです。>应该一个也不存在。</r>
adv_dear_amao_007.txt,62,ありがとうございます。\nプロデューサーのおかげです。,<r\=ありがとうございます。>非常感性您。</r>\r\n<r\=プロデューサーのおかげです。>都是制作人的功劳。</r>
adv_dear_amao_012.txt,144,SNSや動画での拡散も、\nこちら側が発信するよりも、,<r\=SNSや動画での拡散も、>在社交网络和视频平台上的传播，</r>\r\n<r\=こちら側が発信するよりも、>与我们主动发布信息相比，</r>
adv_dear_amao_012.txt,332,キミはまだ1年生なんだから、\n無理はせずに――,<r\=キミはまだ1年生なんだから、>你才一年级而已，</r>\r\n<r\=無理はせずに――>别太勉强自己——</r>
adv_dear_amao_014.txt,60,そういえば、\nボクをスカウトしたときも、,<r\=そういえば、>说起来，</r>\r\n<r\=ボクをスカウトしたときも、>当初招募我的时候也是，</r>
adv_dear_amao_014.txt,69,これまで、ボクをプロデュース\nしようとした人の中に、,<r\=これまで、ボクをプロデュース>迄今为止，在那些试图打造我</r>\r\n<r\=しようとした人の中に、>的人当中，</r>
adv_dear_amao_020.txt,112,麻央さんのイメージアートが\nプリントされたこのシャツも、,<r\=麻央さんのイメージアートが>印有麻央小姐形象艺术的</r>\r\n<r\=プリントされたこのシャツも、>这件T恤也，</r>
adv_dear_amao_020.txt,211,そういうこともあるんだって、\nわかったから……,<r\=そういうこともあるんだって、>我明白了，原来也会有这样的事情啊，</r>\r\n<r\=わかったから……>所以……</r>
adv_dear_fktn_002.txt,58,いきなりダメダメなところ\n見られちゃってぇ、,<r\=いきなりダメダメなところ>突然被你看到我</r>\r\n<r\=見られちゃってぇ、>不中用的一面了呢，</r>
adv_dear_fktn_003.txt,167,アルバイトを、すべてやめるわけには\nいかないはずです。,<r\=アルバイトを、すべてやめるわけには>打工呢，让我全部辞掉</r>\r\n<r\=いかないはずです。>是不可能的呢。</r>
adv_dear_fktn_003.txt,174,それを、見つけてきます。\nいえ、実は、もう見つけてあります。,<r\=それを、見つけてきます。>我会找到它的。</r>\r\n<r\=いえ、実は、もう見つけてあります。>不，其实已经找到了。</r>
adv_dear_fktn_005.txt,217,あたしのことホントに\n好きなんですかぁ！？,<r\=あたしのことホントに>你真的</r>\r\n<r\=好きなんですかぁ！？>喜欢我吗！？</r>
adv_dear_fktn_009.txt,82,あたしぃ、ジェットコースターに\n乗ってみたいです！,<r\=あたしぃ、ジェットコースターに>人家呢，好想坐</r>\r\n<r\=乗ってみたいです！>过山车啊！</r>
adv_dear_fktn_010.txt,86,学園に入るのにも、\nたくさんおカネがかかることとか……,<r\=学園に入るのにも、>要进入学院的话，</r>\r\n<r\=たくさんおカネがかかることとか……>还需要花很多钱之类的……</r>
adv_dear_fktn_013.txt,110,ことねを手に入れるのを\n諦めさせたのだもの。,<r\=ことねを手に入れるのを>要得到琴音这件事</r>\r\n<r\=諦めさせたのだもの。>可是你让我放弃的呀。</r>
adv_dear_fktn_014.txt,122,お気に入りのアイドルグッズを\n飾る祭壇よ。,<r\=お気に入りのアイドルグッズを>摆放着最爱偶像周边</r>\r\n<r\=飾る祭壇よ。>的祭坛。</r>
adv_dear_fktn_014.txt,131,あたしのグッズばっか\nなんですけどォ！？,<r\=あたしのグッズばっか>怎么全是我的</r>\r\n<r\=なんですけどォ！？>周边商品呀！？</r>
adv_dear_fktn_014.txt,153,（プロデューサー！　やっぱり誤解じゃ\nなかったんじゃねーの！？）,<r\=（プロデューサー！　やっぱり誤解じゃ>（制作人！这果然</r>\r\n<r\=なかったんじゃねーの！？）>不是误会吧！？）</r>
adv_dear_fktn_014.txt,161,（あたしこの家から\n無事に帰れんのかな……）,<r\=（あたしこの家から>（我能不能从这个家</r>\r\n<r\=無事に帰れんのかな……）>平安地回去呢……）</r>
adv_dear_fktn_014.txt,215,今日のミーティングは、\nこのグッズについての相談と――,<r\=今日のミーティングは、>今天的会议是，</r>\r\n<r\=このグッズについての相談と――>关于这个周边的商讨以及――</r>
adv_dear_fktn_014.txt,231,『N.I.A』で競い合うライバルたちに\nついて説明するわ。,<r\=『N.I.A』で競い合うライバルたちに>我来介绍一下在『N.I.A』中相互竞争的</r>\r\n<r\=ついて説明するわ。>对手们的相关信息。</r>
adv_dear_fktn_014.txt,239,映像に注目して頂戴。ことねが\n『N.I.A』の制覇を目指すにあたって、,<r\=映像に注目して頂戴。ことねが>请关注影像部分。琴音以</r>\r\n<r\=『N.I.A』の制覇を目指すにあたって、>称霸《N.I.A》为目标之际，</r>
adv_dear_fktn_014.txt,243,もっとも大きな障害となるのが、\n極月学園のアイドルたちよ。,<r\=もっとも大きな障害となるのが、>最大的障碍就是，</r>\r\n<r\=極月学園のアイドルたちよ。>极月学园的偶像们。</r>
adv_dear_fktn_014.txt,296,初星学園をライバル視している……\nって噂は聞いてます。,<r\=初星学園をライバル視している……>将初星学园视为竞争对手……</r>\r\n<r\=って噂は聞いてます。>我听说过这样的传闻。</r>
adv_dear_fktn_014.txt,321,要所となるオーディションには、\n精鋭を複数人送りこんでくるのよ。,<r\=要所となるオーディションには、>要参加关键的选拔，</r>\r\n<r\=精鋭を複数人送りこんでくるのよ。>可是会派出多名精锐人员过来的哦。</r>
adv_dear_fktn_014.txt,327,うわ露骨……絶対勝てないじゃん……\nそんなの……,<r\=うわ露骨……絶対勝てないじゃん……>这也太露骨了吧……绝对赢不了的啊……</r>\r\n<r\=そんなの……>这也太……</r>
adv_dear_fktn_015.txt,140,オーディションに向けて、\nファンを増やしていこうという話です。,<r\=オーディションに向けて、>说的是为了试镜，</r>\r\n<r\=ファンを増やしていこうという話です。>要不断增加粉丝这件事呢。</r>
adv_dear_fktn_015.txt,146,超アウェーだし、プロデューサーが\nなかなか帰ってこないからぁ。,<r\=超アウェーだし、プロデューサーが>超客场的感觉，而且制作人</r>\r\n<r\=なかなか帰ってこないからぁ。>迟迟不回来啊。</r>
adv_dear_fktn_020.txt,125,藤田家の超色々祝賀パーティに\n出席してください！！,<r\=藤田家の超色々祝賀パーティに>请务必出席藤田家的超豪华庆祝派对</r>\r\n<r\=出席してください！！>！！</r>
adv_dear_hrnm_004.txt,161,少なくとも、素質を見抜く目はある、\nプロデューサーなんだろうけど。,<r\=少なくとも、素質を見抜く目はある、>至少，他确实有识别才能的眼光，</r>\r\n<r\=プロデューサーなんだろうけど。>应该是个制作人吧。</r>
adv_dear_hrnm_008.txt,114,……たいした熱じゃ、ありません。\nこのくらい……,<r\=……たいした熱じゃ、ありません。>……不是什么严重的发烧。</r>\r\n<r\=このくらい……>这点程度……</r>
adv_dear_hrnm_011.txt,51,最後のチャンスに\nなるかもしれません。,<r\=最後のチャンスに>这可能会成为</r>\r\n<r\=なるかもしれません。>最后的机会。</r>
adv_dear_hrnm_011.txt,68,姫崎さんはめざましい成長を\n遂げていますが、,<r\=姫崎さんはめざましい成長を>姬崎小姐虽然取得了</r>\r\n<r\=遂げていますが、>显著的成长，</r>
adv_dear_hrnm_011.txt,144,姫崎さんのアイドルとしての魅力を、\nこれまで以上に高める必要があります。,<r\=姫崎さんのアイドルとしての魅力を、>必须进一步提升姬崎作为偶像的魅力，</r>\r\n<r\=これまで以上に高める必要があります。>使其超越以往的水平。</r>
adv_dear_hrnm_012.txt,393,ライバル校のアイドルを潰そうと\n画策しているって噂があるわ。,<r\=ライバル校のアイドルを潰そうと>有传闻说他们正密谋要</r>\r\n<r\=画策しているって噂があるわ。>搞垮对手学校的偶像。</r>
adv_dear_hrnm_012.txt,479,より多くのファンの方に\n知ってもらいましょう。,<r\=より多くのファンの方に>让更多的粉丝</r>\r\n<r\=知ってもらいましょう。>了解吧。</r>
adv_dear_hrnm_013.txt,95,早いうちに確認したほうが\nいいと判断しました。,<r\=早いうちに確認したほうが>我认为还是尽早确认</r>\r\n<r\=いいと判断しました。>比较好。</r>
adv_dear_hrnm_013.txt,161,動画をアップロードした\n犯人がわかりました。,<r\=動画をアップロードした>上传了视频的</r>\r\n<r\=犯人がわかりました。>犯人已经查明。</r>
adv_dear_hrnm_013.txt,188,姫崎さんの人気を落とそうと\n目論んだようですね。,<r\=姫崎さんの人気を落とそうと>看来是企图拉低姬崎小姐的人气</r>\r\n<r\=目論んだようですね。>而策划的呢。</r>
adv_dear_hrnm_014.txt,30,うん。彼女のライブ映像を\nみせてもらったけど、,<r\=うん。彼女のライブ映像を>嗯。虽然给我看了</r>\r\n<r\=みせてもらったけど、>她的现场录像，</r>
adv_dear_hrnm_014.txt,35,やっぱり、アイドルとしては、\nすごい子だと思う。,<r\=やっぱり、アイドルとしては、>果然，作为偶像来说，</r>\r\n<r\=すごい子だと思う。>我觉得她是个非常厉害的人。</r>
adv_dear_hrnm_015.txt,19,客観的に見て、彼女の実力は、\nたしかに圧倒的です。,<r\=客観的に見て、彼女の実力は、>客观来看，她的实力，</r>\r\n<r\=たしかに圧倒的です。>确实堪称压倒性。</r>
adv_dear_hrnm_015.txt,20,ですが、姫崎さんが本来の力を\nステージで出し切れば――,<r\=ですが、姫崎さんが本来の力を>但如果姬崎小姐能在舞台上</r>\r\n<r\=ステージで出し切れば――>发挥出真正的实力——</r>
adv_dear_hrnm_015.txt,30,この日のために、やれるだけの\n努力はしてきたと思う。,<r\=この日のために、やれるだけの>为了这一天，我认为自己已经</r>\r\n<r\=努力はしてきたと思う。>尽了最大的努力。</r>
adv_dear_hrnm_015.txt,37,ファンのみんなの応援に、\nしっかり応えてみせるよ。,<r\=ファンのみんなの応援に、>为了回应各位粉丝的支持，</r>\r\n<r\=しっかり応えてみせるよ。>我一定会全力以赴的。</r>
adv_dear_hrnm_015.txt,53,あ、れ……ほんとだ。\n気付かなかった……,<r\=あ、れ……ほんとだ。>啊，这……真的啊。</r>\r\n<r\=気付かなかった……>没注意到……</r>
adv_dear_hrnm_015.txt,57,……おかしい、な……\nどうしよう……,<r\=……おかしい、な……>……奇怪，啊……</r>\r\n<r\=どうしよう……>怎么办……</r>
adv_dear_hrnm_015.txt,59,落ち着いて。\n呼吸を深く。ゆっくりと。,<r\=落ち着いて。>保持冷静。</r>\r\n<r\=呼吸を深く。ゆっくりと。>深呼吸。慢慢来。</r>
adv_dear_hrnm_015.txt,81,えっと、最近はしてなかったけど、\nあれ、してもいいかな？,<r\=えっと、最近はしてなかったけど、>那个，最近虽然没在做了，</r>\r\n<r\=あれ、してもいいかな？>那个，再做一次也可以吗？</r>
adv_dear_hrnm_015.txt,99,……なでなで。\n……なでなで。,<r\=……なでなで。>……抚摸抚摸。</r>\r\n<r\=……なでなで。>……抚摸抚摸。</r>
adv_dear_hrnm_015.txt,112,もう、大丈夫。\n普段の調子に、戻れたと思う。,<r\=もう、大丈夫。>已经不要紧了。</r>\r\n<r\=普段の調子に、戻れたと思う。>我想我已经恢复平时的状态了。</r>
adv_dear_hrnm_015.txt,117,そのようですね。\n安心しました。,<r\=そのようですね。>看来是这样的。</r>\r\n<r\=安心しました。>我放心了。</r>
adv_dear_hrnm_015.txt,120,へぇ、ちゃんと『QUARTET』まで\n上がってきたんですね。,<r\=へぇ、ちゃんと『QUARTET』まで>诶，你真的顺利晋级到</r>\r\n<r\=上がってきたんですね。>『QUARTET』了啊。</r>
adv_dear_hrnm_015.txt,139,アイドルとして、二度とステージに\n立てないように――,<r\=アイドルとして、二度とステージに>作为偶像，再也无法</r>\r\n<r\=立てないように――>站上舞台——</r>
adv_dear_hrnm_015.txt,141,徹底的に潰して、\n公開処刑して差し上げましょう。,<r\=徹底的に潰して、>彻底击溃之后，</r>\r\n<r\=公開処刑して差し上げましょう。>再公开处刑给您看吧。</r>
adv_dear_hrnm_015.txt,144,『N.I.A』のステージは、あなたの\n鬱憤を晴らす場ではありません。,<r\=『N.I.A』のステージは、あなたの>『N.I.A』的舞台，并非是你</r>\r\n<r\=鬱憤を晴らす場ではありません。>发泄不满的场所。</r>
adv_dear_hrnm_015.txt,149,そんなパフォーマンスは、\n誰の心も打つことはできない。,<r\=そんなパフォーマンスは、>那样的表演，</r>\r\n<r\=誰の心も打つことはできない。>无法打动任何人的心。</r>
adv_dear_hrnm_015.txt,152,……いちいち癇に障りますね。\nフフ、まあいいでしょう。,<r\=……いちいち癇に障りますね。>……真是让人火大啊。</r>\r\n<r\=フフ、まあいいでしょう。>呵呵，算了，就这样吧。</r>
adv_dear_hrnm_015.txt,156,あなたのプロデューサーとしての\n将来は、ここでお終いなのですから。,<r\=あなたのプロデューサーとしての>作为制作人的你的</r>\r\n<r\=将来は、ここでお終いなのですから。>未来，就要在此终结了。</r>
adv_dear_hrnm_015.txt,171,『みんなのお姉さんアイドルに\n　スキャンダル発覚！』,<r\=『みんなのお姉さんアイドルに>『国民姐姐偶像的</r>\r\n<r\=　スキャンダル発覚！』>　丑闻曝光！』</r>
adv_dear_hrnm_015.txt,178,あなたが無様に負けた姿と同時に、\nこの映像を配信してあげましょう。,<r\=あなたが無様に負けた姿と同時に、>我会将你狼狈落败的模样</r>\r\n<r\=この映像を配信してあげましょう。>连同这段影像一起播放出去呢。</r>
adv_dear_hrnm_015.txt,190,盗撮したレッスン風景のコラージュと、\n雑な編集映像ですね。,<r\=盗撮したレッスン風景のコラージュと、>偷拍课程画面的拼贴画面，</r>\r\n<r\=雑な編集映像ですね。>加上粗制滥造的剪辑视频呢。</r>
adv_dear_hrnm_015.txt,194,こんなフェイクを、姫崎さんの\nファンが信じるとは思えません。,<r\=こんなフェイクを、姫崎さんの>我不认为，姬崎的</r>\r\n<r\=ファンが信じるとは思えません。>粉丝会相信这种假消息。</r>
adv_dear_hrnm_015.txt,195,そうだとしても、ファン以外の方は、\n信じちゃうかもしれませんねぇ。,<r\=そうだとしても、ファン以外の方は、>即便如此，非粉丝的人，</r>\r\n<r\=信じちゃうかもしれませんねぇ。>可能会信以为真呢。</r>
adv_dear_hrnm_015.txt,213,私ね、いま――すっごく、\n怒ってる……かも。,<r\=私ね、いま――すっごく、>我现在啊——可能……非常的，</r>\r\n<r\=怒ってる……かも。>生气呢。</r>
adv_dear_hrnm_015.txt,223,私のことは、まだいいよ。\nでも、ね――,<r\=私のことは、まだいいよ。>我的事暂时还好。</r>\r\n<r\=でも、ね――>不过，呢——</r>
adv_dear_hrnm_015.txt,230,{user}くんまで\n巻き込むのは、うん……,<r\={user}くんまで>连{user}都</r>\r\n<r\=巻き込むのは、うん……>卷入其中，嗯……</r>
adv_dear_hrnm_017.txt,67,私をこのステージに\n連れてきてくれたんだ。,<r\=私をこのステージに>是你把我带到了</r>\r\n<r\=連れてきてくれたんだ。>这个舞台来。</r>
adv_dear_hrnm_017.txt,74,あなたがファンのみんなを、\nこのステージまで連れてきてくれた。,<r\=あなたがファンのみんなを、>你将所有粉丝们，</r>\r\n<r\=このステージまで連れてきてくれた。>带到了这个舞台。</r>
adv_dear_hrnm_017.txt,107,だから、トップアイドルに\nなんてなれなくても――,<r\=だから、トップアイドルに>所以，就算当不成</r>\r\n<r\=なんてなれなくても――>顶级偶像也——</r>
adv_dear_hrnm_017.txt,129,『N.I.A』のオーディションを、\nきみと一緒に勝ち抜いて――,<r\=『N.I.A』のオーディションを、>与你一同通过『N.I.A』的试镜——</r>\r\n<r\=きみと一緒に勝ち抜いて――>携手共进——</r>
adv_dear_hrnm_019.txt,33,誰のパフォーマンスが\n優れていたかは――,<r\=誰のパフォーマンスが>谁的表现</r>\r\n<r\=優れていたかは――>更为出色——</r>
adv_dear_hrnm_019.txt,44,お前は、私が名を覚えるに\n相応しいアイドルだ。,<r\=お前は、私が名を覚えるに>你，是值得我</r>\r\n<r\=相応しいアイドルだ。>记住名字的偶像。</r>
adv_dear_hski_001.txt,176,そんな弱気なことを\n考えてるっていうの！？,<r\=そんな弱気なことを>你居然在考虑</r>\r\n<r\=考えてるっていうの！？>这么懦弱的事情！？</r>
adv_dear_hski_001.txt,203,絶対に負けたくないことで、\n負けちゃうの！,<r\=絶対に負けたくないことで、>在绝对不想输的事情上，</r>\r\n<r\=負けちゃうの！>却输掉了！</r>
adv_dear_hski_001.txt,257,あなた、わたしの\n役に立てるって言ったわよね？,<r\=あなた、わたしの>你说过，</r>\r\n<r\=役に立てるって言ったわよね？>能帮上我的忙对吧？</r>
adv_dear_hski_008.txt,34,いつも言ってるけど、わたしに\n付き添うのは放課後からでいいのよ。,<r\=いつも言ってるけど、わたしに>虽然我总说，</r>\r\n<r\=付き添うのは放課後からでいいのよ。>放学后再来陪我就行了。</r>
adv_dear_hski_008.txt,40,咲季さんに、1秒たりとも無駄な時間を\n使わせるわけにはいきませんから。,<r\=咲季さんに、1秒たりとも無駄な時間を>不能让咲季小姐</r>\r\n<r\=使わせるわけにはいきませんから。>浪费哪怕一秒钟的宝贵时间。</r>
adv_dear_hski_008.txt,52,プロデューサーとの付き合いも、\nそれなりに長くなってきたもの。,<r\=プロデューサーとの付き合いも、>和制作人的交往，</r>\r\n<r\=それなりに長くなってきたもの。>也已经相当长了。</r>
adv_dear_hski_008.txt,60,最近、焦りが強くなって\nいるように見えます。,<r\=最近、焦りが強くなって>最近，你似乎变得</r>\r\n<r\=いるように見えます。>越来越焦虑。</r>
adv_dear_hski_008.txt,65,焦りもするわ。佑芽との次の勝負が\n近づいてきているんだもの。,<r\=焦りもするわ。佑芽との次の勝負が>当然感到焦虑。毕竟和佑芽的下一次对决</r>\r\n<r\=近づいてきているんだもの。>已经越来越临近了呀。</r>
adv_dear_hski_008.txt,67,なのにわたしは……\nちっとも成長できていないんだもの。,<r\=なのにわたしは……>可是我却……</r>\r\n<r\=ちっとも成長できていないんだもの。>一点都没有成长呢。</r>
adv_dear_hski_008.txt,76,わたしが佑芽をサポートするのを\nやめれば勝てる。なんて言わないでよ？,<r\=わたしが佑芽をサポートするのを>如果我不再支持佑芽的话</r>\r\n<r\=やめれば勝てる。なんて言わないでよ？>就能赢这种话，请不要说出口好吗？</r>
adv_dear_hski_008.txt,80,咲季さんは、\n妹に勝ちたいと言いました。,<r\=咲季さんは、>咲季说，</r>\r\n<r\=妹に勝ちたいと言いました。>想要战胜妹妹。</r>
adv_dear_hski_008.txt,87,咲季さんにとって『妹に勝つ』とは\nどういうことでしょう？,"<r\=咲季さんにとって『妹に勝つ』とは>对咲季来说，""战胜妹妹""</r>\r\n<r\=どういうことでしょう？>究竟意味着什么呢？</r>"
adv_dear_hski_008.txt,90,なにをもって勝ちとするのか、\n聞かせてください。,<r\=なにをもって勝ちとするのか、>请告诉我，要以什么作为胜利的标准。</r>\r\n<r\=聞かせてください。>请让我听听。</r>
adv_dear_hski_008.txt,94,逆に聞くけど、プロデューサーに\nとっての『勝ち』ってなに？,<r\=逆に聞くけど、プロデューサーに>反过来问，对于制作人</r>\r\n<r\=とっての『勝ち』ってなに？>来说的『胜利』究竟是什么？</r>
adv_dear_hski_008.txt,96,咲季さんを\n無敵のトップアイドルにすることです。,<r\=咲季さんを>将咲季小姐</r>\r\n<r\=無敵のトップアイドルにすることです。>打造成无敌的顶级偶像。</r>
adv_dear_hski_008.txt,98,それをもって『花海さんに勝った』\nことになると考えています。,<r\=それをもって『花海さんに勝った』>我认为这样就算是『赢了花海』</r>\r\n<r\=ことになると考えています。>的既定事实了。</r>
adv_dear_hski_008.txt,101,最終的にわたしが一番に\nなればいい……って、こと？,<r\=最終的にわたしが一番に>最终只要我成为第一</r>\r\n<r\=なればいい……って、こと？>就好了……这样，对吧？</r>
adv_dear_hski_008.txt,108,途中で一度くらい負けたって\n構わないってこと？,<r\=途中で一度くらい負けたって>你是说即使中途</r>\r\n<r\=構わないってこと？>失败一次也没关系吗？</r>
adv_dear_hski_008.txt,117,わたしが勝つ手助けをするって\n言ったじゃないっ！,<r\=わたしが勝つ手助けをするって>我不是说过</r>\r\n<r\=言ったじゃないっ！>会帮你获胜吗！</r>
adv_dear_hski_008.txt,122,あなたはすでに最高の環境で、\n最高の練習をしている。,<r\=あなたはすでに最高の環境で、>你已经在最理想的环境中，</r>\r\n<r\=最高の練習をしている。>进行着最优质的训练。</r>
adv_dear_hski_008.txt,123,これ以上ないほどストイックに、\nトップアイドルへの道を歩いている。,<r\=これ以上ないほどストイックに、>以无人能及的严于律己，</r>\r\n<r\=トップアイドルへの道を歩いている。>走在成为顶级偶像的道路上。</r>
adv_dear_hski_008.txt,127,成長しています。歩みは遅くとも、\n一歩一歩確実に。,<r\=成長しています。歩みは遅くとも、>正在成长哦。即便步伐缓慢，</r>\r\n<r\=一歩一歩確実に。>也要一步一个脚印地稳步前行。</r>
adv_dear_hski_008.txt,129,何度も言わせないで！\nそれじゃちっとも足りないの！,<r\=何度も言わせないで！>别让我重复那么多遍！</r>\r\n<r\=それじゃちっとも足りないの！>这样根本不够！</r>
adv_dear_hski_008.txt,134,わたしはもう、アイドルとしても――\n佑芽に抜かれてるんだから！！,<r\=わたしはもう、アイドルとしても――>我已经，作为偶像也——</r>\r\n<r\=佑芽に抜かれてるんだから！！>已经被佑芽超越了！！</r>
adv_dear_hski_010-01.txt,6,ねぇプロデューサー。いつの間に、\nうちの両親と仲良くなったの？,<r\=ねぇプロデューサー。いつの間に、>喂，制作人。</r>\r\n<r\=うちの両親と仲良くなったの？>什么时候和我父母变得这么要好了？</r>
adv_dear_hski_010-01.txt,43,あなたも一枚かんでいるわね、\nプロデューサー。,<r\=あなたも一枚かんでいるわね、>你也掺了一脚啊，</r>\r\n<r\=プロデューサー。>制作人。</r>
adv_dear_hski_010.txt,267,みんなから遠巻きにされているなんて、\nありえないもの！,<r\=みんなから遠巻きにされているなんて、>被大家远远围观什么的，</r>\r\n<r\=ありえないもの！>绝对不可能！</r>
adv_dear_hski_010.txt,355,妹を嘘つきにするわけには、\nいかないじゃない？,<r\=妹を嘘つきにするわけには、>可不能把妹妹，</r>\r\n<r\=いかないじゃない？>变成说谎的人不是吗？</r>
adv_dear_hski_010.txt,363,それで『世界一のアイドルになる』\nですか。,<r\=それで『世界一のアイドルになる』>所以你说『要成为世界第一的偶像』</r>\r\n<r\=ですか。>呢。</r>
adv_dear_hski_011.txt,20,トップアイドルになるために、\n必要なものがわかりますか？,<r\=トップアイドルになるために、>要成为顶级偶像，</r>\r\n<r\=必要なものがわかりますか？>你知道需要具备什么吗？</r>
adv_dear_hski_012.txt,89,ん～、さらなるファン投票数を\n獲得するために……,<r\=ん～、さらなるファン投票数を>嗯～，为了获得</r>\r\n<r\=獲得するために……>更多的粉丝投票数……</r>
adv_dear_hski_013.txt,68,何度でも、出せるように。\nいいえ……それじゃ足りない。,<r\=何度でも、出せるように。>无数次地，施展出来。</r>\r\n<r\=いいえ……それじゃ足りない。>不……这样还不够。</r>
adv_dear_hski_014.txt,337,そっ。ふーん……あなたは、\nいいアイドルになりそうだし。,<r\=そっ。ふーん……あなたは、>这样啊。嗯……你</r>\r\n<r\=いいアイドルになりそうだし。>看起来会成为不错的偶像呢。</r>
adv_dear_hume_007.txt,180,アイドル活動が制限されることもある\nって説明を受けたでしょう？,<r\=アイドル活動が制限されることもある>应该有人向您说明过偶像活动</r>\r\n<r\=って説明を受けたでしょう？>可能会受到限制吧？</r>
adv_dear_hume_008.txt,166,わかってきたみたいですね！　\nプロデューサーさん！,<r\=わかってきたみたいですね！　>看来你终于明白了！</r>\r\n<r\=プロデューサーさん！>制作人先生！</r>
adv_dear_hume_008.txt,234,本日のミーティングは、\nここまでとしましょうか。,<r\=本日のミーティングは、>今天的会议，</r>\r\n<r\=ここまでとしましょうか。>就到这里结束吧。</r>
adv_dear_hume_008.txt,241,あたしをここまで連れてきてくれて、\nありがとうございました。,<r\=あたしをここまで連れてきてくれて、>谢谢你一路带我来到这里，</r>\r\n<r\=ありがとうございました。>真的非常感谢。</r>
adv_dear_hume_010.txt,171,咲季さんは、様々な競技で\n優秀な成果を上げてきましたが。,<r\=咲季さんは、様々な競技で>咲季小姐虽然在多项赛事中，取得过优秀成绩。</r>
adv_dear_hume_010.txt,174,決して不敗の選手では\nありませんでした。,<r\=決して不敗の選手では>我从来都不是</r>\r\n<r\=ありませんでした。>不败的选手。</r>
adv_dear_hume_010.txt,177,そう、ですね。上には上がいて……\nときには負けることもあって。,<r\=そう、ですね。上には上がいて……>是啊，正所谓人外有人……</r>\r\n<r\=ときには負けることもあって。>有时候也会输的。</r>
adv_dear_hume_010.txt,184,それでも、あたしにとっては、\nお姉ちゃんが一番なんです。,<r\=それでも、あたしにとっては、>即便如此，对我来说，</r>\r\n<r\=お姉ちゃんが一番なんです。>姐姐才是最棒的。</r>
adv_dear_hume_010.txt,186,あたしは一度も勝てませんでしたし、\nうまく言えませんけど……,<r\=あたしは一度も勝てませんでしたし、>我一次都没有赢过，</r>\r\n<r\=うまく言えませんけど……>虽然不太会表达……</r>
adv_dear_hume_010.txt,201,妹に負けた程度で、\n咲季さんが無敵でなくなるとでも？,<r\=妹に負けた程度で、>仅仅是输给妹妹这种程度，</r>\r\n<r\=咲季さんが無敵でなくなるとでも？>难道咲季小姐就不再无敌了吗？</r>
adv_dear_hume_010.txt,210,そう……そうですよね。なんでこんな\nバカなこと、一瞬でも考えたんだろう。,<r\=そう……そうですよね。なんでこんな>是啊……说的没错。为什么我竟然会在一瞬间</r>\r\n<r\=バカなこと、一瞬でも考えたんだろう。>想到这种蠢事呢。</r>
adv_dear_hume_010.txt,218,お互い様です。とてつもない強敵だと\n認識していたはずなのに……,<r\=お互い様です。とてつもない強敵だと>彼此彼此。明明应该认识到</r>\r\n<r\=認識していたはずなのに……>是位不得了的强敌才对……</r>
adv_dear_hume_010.txt,224,昨日のお姉ちゃん、\nすっっっごかったですよね！！,<r\=昨日のお姉ちゃん、>昨天的姐姐，</r>\r\n<r\=すっっっごかったですよね！！>超超超厉害的！！</r>
adv_dear_hume_010.txt,229,アイドルとしての能力――数値では、\nすべてこちらが上回っていました。,<r\=アイドルとしての能力――数値では、>作为偶像的能力——在数值方面，</r>\r\n<r\=すべてこちらが上回っていました。>所有方面都凌驾于对方之上。</r>
adv_dear_hume_010.txt,233,でも勝てませんでした！\n理屈じゃないんですよ！　きっと！,<r\=でも勝てませんでした！>可还是没能赢！</r>\r\n<r\=理屈じゃないんですよ！　きっと！>这根本不是道理的问题！一定是的！</r>
adv_dear_hume_010.txt,238,数値化できないもの……覚悟、想い、\n時の運……きっとそれだけではない。,<r\=数値化できないもの……覚悟、想い、>无法被数值化的东西……觉悟、情感、</r>\r\n<r\=時の運……きっとそれだけではない。>偶然的运气……肯定远不止这些。</r>
adv_dear_hume_010.txt,241,膨大な諸々を、咲季さんは積み上げ\n続けている。きっといまこの時も。,<r\=膨大な諸々を、咲季さんは積み上げ>咲季小姐将庞大的种种事物不断</r>\r\n<r\=続けている。きっといまこの時も。>堆积下去。想必此时此刻也是如此。</r>
adv_dear_hume_010.txt,244,それが……お姉ちゃんの、\n力の源なんですね。,<r\=それが……お姉ちゃんの、>那就是……姐姐的，</r>\r\n<r\=力の源なんですね。>力量来源吧。</r>
adv_dear_hume_010.txt,246,そうであるならば、数値化できないモノ\nで劣っている我々は如何にして勝つか。,<r\=そうであるならば、数値化できないモノ>既然如此，在无法被数值化的领域</r>\r\n<r\=で劣っている我々は如何にして勝つか。>处于劣势的我们该如何取胜？</r>
adv_dear_hume_010.txt,248,わかりません！　お姉ちゃんの真似を\nすればいいんでしょうか？,<r\=わかりません！　お姉ちゃんの真似を>我不知道！是不是模仿姐姐</r>\r\n<r\=すればいいんでしょうか？>的做法会更好呢？</r>
adv_dear_hume_010.txt,256,そうはいっても、目に見えないものを\n鍛えるのは難しい。,<r\=そうはいっても、目に見えないものを>话虽如此，锻炼看不见的东西</r>\r\n<r\=鍛えるのは難しい。>是很难的。</r>
adv_dear_hume_010.txt,260,む～、『想い』には\n筋肉がないですもんね。,<r\=む～、『想い』には>嗯～，毕竟『思念』</r>\r\n<r\=筋肉がないですもんね。>是没有肌肉的嘛。</r>
adv_dear_hume_010.txt,264,……ま、まあ、そんな感じです。\nですから我々は、勝つために――,<r\=……ま、まあ、そんな感じです。>……嘛、嘛啊，大概就是这样吧。</r>\r\n<r\=ですから我々は、勝つために――>所以我们为了胜利——</r>
adv_dear_hume_010.txt,265,ひたすら目に見える\n数値を積み上げましょう。,<r\=ひたすら目に見える>一味追求肉眼可见的</r>\r\n<r\=数値を積み上げましょう。>不断积累数值数据吧。</r>
adv_dear_hume_010.txt,273,そう。なにせ佑芽さんは、まだまだ\nまだまだ数値を伸ばせますから。,<r\=そう。なにせ佑芽さんは、まだまだ>是的。毕竟佑芽还有很大的提升空间，</r>\r\n<r\=まだまだ数値を伸ばせますから。>还能进一步提高数值。</r>
adv_dear_hume_010.txt,274,無敵の咲季さんを、圧倒的な数値で\nすり潰してやりましょう！,<r\=無敵の咲季さんを、圧倒的な数値で>用压倒性的数值</r>\r\n<r\=すり潰してやりましょう！>把无敌的咲季彻底碾碎吧！</r>
adv_dear_hume_010.txt,280,あははっ――\nすっごく単純な作戦ですね。,<r\=あははっ――>啊哈哈——</r>\r\n<r\=すっごく単純な作戦ですね。>这作战计划也太简单了吧。</r>
adv_dear_hume_010.txt,286,あたしもそう思います！　難しいことを\n言われても、絶対できませんから！,<r\=あたしもそう思います！　難しいことを>我也这么觉得！就算被说些困难的事情</r>\r\n<r\=言われても、絶対できませんから！>也绝对做不到的！</r>
adv_dear_hume_010.txt,292,では、さらにシンプルな最終目標を。\n花海佑芽さん。あなたには――,<r\=では、さらにシンプルな最終目標を。>那么，就设定更简单的最终目标吧。</r>\r\n<r\=花海佑芽さん。あなたには――>花海佑芽小姐。对你而言——</r>
adv_dear_hume_010.txt,293,最高の歌唱力、最高のダンス、\n最高の美貌で、勝つべくして勝つ。,<r\=最高の歌唱力、最高のダンス、>顶尖的歌唱实力、顶尖的舞蹈、</r>\r\n<r\=最高の美貌で、勝つべくして勝つ。>顶尖的美貌，注定要赢得胜利。</r>
adv_dear_hume_010.txt,296,そんな常勝不敗のトップアイドルに\nなってもらいます！,<r\=そんな常勝不敗のトップアイドルに>要让你成为这样的</r>\r\n<r\=なってもらいます！>常胜不败的顶级偶像！</r>
adv_dear_hume_014.txt,121,もちろん数日中にライブがない方の\nほうが多いので。,<r\=もちろん数日中にライブがない方の>当然几天内没有</r>\r\n<r\=ほうが多いので。>演唱会的情况占多数啦。</r>
adv_dear_hume_014.txt,126,えっと……あのあの、\nプロデューサーさん？,<r\=えっと……あのあの、>那个……嗯……、</r>\r\n<r\=プロデューサーさん？>制作人先生？</r>
adv_dear_hume_020.txt,31,花海佑芽がブレイクスルーを\n果たすには――,<r\=花海佑芽がブレイクスルーを>花海佑芽要实现突破</r>\r\n<r\=果たすには――>的话――</r>
adv_dear_jsna_001.txt,282,学園一のアイドル、\nなんて呼ばれている。,<r\=学園一のアイドル、>学院第一的偶像，</r>\r\n<r\=なんて呼ばれている。>人们都这么称呼我。</r>
adv_dear_jsna_004.txt,88,へえ……どんなコメントが\n届いているのかしら。,<r\=へえ……どんなコメントが>哎呀……会有</r>\r\n<r\=届いているのかしら。>什么样的评论呢。</r>
adv_dear_jsna_005.txt,28,あなた、よくもあんな不意打ちを\nしてくれたわね……！,<r\=あなた、よくもあんな不意打ちを>你居然，给我来这种</r>\r\n<r\=してくれたわね……！>突然的袭击……！</r>
adv_dear_jsna_005.txt,50,あなたの意図はわかっている\nつもりよ。けれど……,<r\=あなたの意図はわかっている>我自认为明白你的</r>\r\n<r\=つもりよ。けれど……>意图。但是……</r>
adv_dear_jsna_005.txt,64,能力看破の“特技”を\n解説するシーンとか。,"<r\=能力看破の“特技”を>像是要解说""能力看破""</r>\r\n<r\=解説するシーンとか。>特技的场景呢。</r>"
adv_dear_jsna_011.txt,184,それでも、\n挑まない理由にはならない。,<r\=それでも、>即便如此，</r>\r\n<r\=挑まない理由にはならない。>也不能成为不去挑战的理由。</r>
adv_dear_jsna_012.txt,17,わしを除け者にして、\nこそこそ企画したイベントなのじゃ。,<r\=わしを除け者にして、>把我排除在外，</r>\r\n<r\=こそこそ企画したイベントなのじゃ。>偷偷策划了这次活动是吧。</r>
adv_dear_jsna_012.txt,35,やってくれるではないか、\nこの老いぼれがァ～～～ッ！,<r\=やってくれるではないか、>这不是挺能干的嘛，</r>\r\n<r\=この老いぼれがァ～～～ッ！>这个老东西啊～～～！</r>
adv_dear_jsna_014.txt,207,疲労回復スペシャルコースを\n受けてもらいまーっす！,<r\=疲労回復スペシャルコースを>来体验疲劳恢复的</r>\r\n<r\=受けてもらいまーっす！>特别课程吧！</r>
adv_dear_jsna_014.txt,227,特製のお食事が振る舞われるそう\nですわ！　楽しみですわね～♪,<r\=特製のお食事が振る舞われるそう>听说会准备特别料理</r>\r\n<r\=ですわ！　楽しみですわね～♪>呢！ 真期待呀～♪</r>
adv_dear_jsna_016.txt,20,あんな……格上の相手に……\n勝てちゃうなんて。,<r\=あんな……格上の相手に……>那样的…面对实力更强的对手…</r>\r\n<r\=勝てちゃうなんて。>居然能赢什么的。</r>
adv_dear_kcna_001.txt,4,今回は事前情報なしの\nプロデュースになるな。,<r\=今回は事前情報なしの>这次是没有任何事前情报的</r>\r\n<r\=プロデュースになるな。>企划啊。</r>
adv_dear_kcna_001.txt,25,くれぐれも粗相のないよう、\nお願いいたします。,<r\=くれぐれも粗相のないよう、>请务必小心谨慎，</r>\r\n<r\=お願いいたします。>万勿出现任何疏漏。</r>
adv_dear_kcna_001.txt,93,倉本さんをプロデュースすることに\nなった経緯ですが。,<r\=倉本さんをプロデュースすることに>关于决定担任仓本小姐的</r>\r\n<r\=なった経緯ですが。>制作人的经过。</r>
adv_dear_kcna_004.txt,17,（そんなふうに思って\nおりましたが……）,<r\=（そんなふうに思って>（虽然我之前</r>\r\n<r\=おりましたが……）>是这么想的……）</r>
adv_dear_kcna_004.txt,120,（歌って踊る煌びやかなお仕事\nじゃなかったんですのぉ！）,<r\=（歌って踊る煌びやかなお仕事>（唱歌跳舞的华丽工作</r>\r\n<r\=じゃなかったんですのぉ！）>才不是这样的呀！）</r>
adv_dear_kcna_004.txt,244,保健室だよ。あなた、倒れたの。\nレッスン中に。,<r\=保健室だよ。あなた、倒れたの。>这里是保健室。你刚才晕倒了。</r>\r\n<r\=レッスン中に。>在课程中的时候。</r>
adv_dear_kcna_008.txt,27,わたくしを観に来て\nくださったのですわね。,<r\=わたくしを観に来て>您专程来观看</r>\r\n<r\=くださったのですわね。>我的演出呢。</r>
adv_dear_kcna_009.txt,25,いかがでしたかっ、わたくしの\nファーストライブはっ！,<r\=いかがでしたかっ、わたくしの>怎么样啊，我的</r>\r\n<r\=ファーストライブはっ！>首次直播吧！</r>
adv_dear_kcna_009.txt,36,目ざといもなにも、\n転びかけていたでしょう。,<r\=目ざといもなにも、>说什么眼尖不眼尖的，</r>\r\n<r\=転びかけていたでしょう。>刚才差点摔倒了吧。</r>
adv_dear_kcna_009.txt,43,ですが、すぐに立て直して\nみせたのはよかった。,<r\=ですが、すぐに立て直して>不过，能够迅速重整旗鼓</r>\r\n<r\=みせたのはよかった。>并展现出来是好的。</r>
adv_dear_kcna_009.txt,45,観客も、倉本さんが必死で頑張る姿を\n好意的に見ていたようです。,<r\=観客も、倉本さんが必死で頑張る姿を>观众们似乎也以善意的目光，</r>\r\n<r\=好意的に見ていたようです。>关注着仓本小姐拼命努力的身影。</r>
adv_dear_kcna_009.txt,55,えへへ……♪　ど、どのような\nところがでしょうかっ！,<r\=えへへ……♪　ど、どのような>嘿嘿……♪　那，那是什么样的</r>\r\n<r\=ところがでしょうかっ！>地方呢！</r>
adv_dear_kcna_009.txt,57,倉本さんの一生懸命さが伝わってきて、\n拙ささえもが魅力に変わる。,<r\=倉本さんの一生懸命さが伝わってきて、>能感受到仓本小姐的认真努力，</r>\r\n<r\=拙ささえもが魅力に変わる。>连那份笨拙也变成了魅力。</r>
adv_dear_kcna_009.txt,62,うぅ……ミスが多くて\n申し訳ございませんでした……！,<r\=うぅ……ミスが多くて>呜……失误这么多</r>\r\n<r\=申し訳ございませんでした……！>实在非常抱歉……！</r>
adv_dear_kcna_009.txt,71,皆様のお顔を見る余裕が\nありませんでしたの。,<r\=皆様のお顔を見る余裕が>好好看清各位面容的</r>\r\n<r\=ありませんでしたの。>余裕也都没有呢。</r>
adv_dear_kcna_009.txt,78,喜んでいただけたなら……\nよかったですわぁ……,<r\=喜んでいただけたなら……>您能喜欢的话……</r>\r\n<r\=よかったですわぁ……>那就太好了……</r>
adv_dear_kcna_009.txt,83,倉本さん。……初めて会った日の\nことを、覚えていますか？,<r\=倉本さん。……初めて会った日の>仓本小姐……第一次见面那天的</r>\r\n<r\=ことを、覚えていますか？>事情，你还记得吗？</r>
adv_dear_kcna_009.txt,90,半年前、あなたのアイドルとしての\n実力は……ひどいものでした。,<r\=半年前、あなたのアイドルとしての>半年前，你作为偶像的实力</r>\r\n<r\=実力は……ひどいものでした。>……还差得远呢。</r>
adv_dear_kcna_009.txt,96,あの状態からよくぞ……\nここまで成長したものです。,<r\=あの状態からよくぞ……>从那种境地竟然能……</r>\r\n<r\=ここまで成長したものです。>成长到如此地步啊。</r>
adv_dear_kcna_009.txt,101,えへへっ、\n先生のご指導の賜物ですわっ！,<r\=えへへっ、>嘿嘿，</r>\r\n<r\=先生のご指導の賜物ですわっ！>这都是老师的指导有方呀！</r>
adv_dear_kcna_009.txt,103,プロデューサーなのに、\n奇妙な台詞ですが。,<r\=プロデューサーなのに、>明明是制作人，</r>\r\n<r\=奇妙な台詞ですが。>真是奇怪的台词呢。</r>
adv_dear_kcna_009.txt,115,わたくしを、本心から\n褒めてくださいますわね。,<r\=わたくしを、本心から>您会发自内心地</r>\r\n<r\=褒めてくださいますわね。>夸奖我的吧。</r>
adv_dear_kcna_009.txt,127,いつも率直に……\n褒め、叱り、導いてくださった。,<r\=いつも率直に……>您总是直率地……</r>\r\n<r\=褒め、叱り、導いてくださった。>给予我表扬、批评和引导。</r>
adv_dear_kcna_009.txt,133,『仕事を果たしたまで』……きっと\nそうおっしゃるのでしょうけれど。,<r\=『仕事を果たしたまで』……きっと>『不过是完成了工作而已』……</r>\r\n<r\=そうおっしゃるのでしょうけれど。>您肯定会这么说吧。</r>
adv_dear_kcna_009.txt,135,それがどれだけ、わたくしを救い、\n背を押してくださったことか……,<r\=それがどれだけ、わたくしを救い、>这究竟给了我多大的救赎，</r>\r\n<r\=背を押してくださったことか……> 又给了我多少前进的动力啊……</r>
adv_dear_kcna_009.txt,151,『契約は終わり』だなんて、\nどうかおっしゃらないで。,<r\=『契約は終わり』だなんて、>『契约结束』这种话</r>\r\n<r\=どうかおっしゃらないで。>求您千万别这么说。</r>
adv_dear_kcna_009.txt,155,ここに戻る前、\nお爺様に会ってきました。,<r\=ここに戻る前、>回到这里之前，</r>\r\n<r\=お爺様に会ってきました。>去见了祖父大人。</r>
adv_dear_kcna_009.txt,157,優しく怖いお爺様。少し前まで、\nご意思に逆らうことなんて……,<r\=優しく怖いお爺様。少し前まで、>温柔而可怕的老爷爷。直到不久前，</r>\r\n<r\=ご意思に逆らうことなんて……>还从未有过违背您意愿的事……</r>
adv_dear_kcna_009.txt,163,考えもしませんでしたわ。\nですけれど……,<r\=考えもしませんでしたわ。>我从未考虑过。</r>\r\n<r\=ですけれど……>不过……</r>
adv_dear_kcna_009.txt,168,きっちり認めさせてきましたわ！　\nわたくしが――,<r\=きっちり認めさせてきましたわ！　>我可是让他们彻底承认了！</r>\r\n<r\=わたくしが――>我——</r>
adv_dear_kcna_009.txt,173,これからも先生と一緒に、\nアイドルを続けることを！,<r\=これからも先生と一緒に、>今后也要和老师一起，</r>\r\n<r\=アイドルを続けることを！>继续当偶像！</r>
adv_dear_kcna_009.txt,180,はいっ！　プロデューサーは、\nこれからもずぅ～～～～～～～っと！,<r\=はいっ！　プロデューサーは、>是！制作人先生，</r>\r\n<r\=これからもずぅ～～～～～～～っと！>从今往后也要一直～～～～～～～！</r>
adv_dear_kcna_009.txt,196,ご存じのとおり、ステージに立てる\nギリギリの実力しかありませんものっ！,<r\=ご存じのとおり、ステージに立てる>正如您所知，我只有勉强能站上舞台的实力而已</r>\r\n<r\=ギリギリの実力しかありませんものっ！>！</r>
adv_dear_kcna_009.txt,201,自信満々に情けない台詞を言うのは、\n今後控えましょうね。,<r\=自信満々に情けない台詞を言うのは、>自信满满地说出丢人台词这种事，</r>\r\n<r\=今後控えましょうね。>今后还是尽量避免吧。</r>
adv_dear_kcna_009.txt,202,あなたはもう、\n立派なアイドルなのですから。,<r\=あなたはもう、>你已经，</r>\r\n<r\=立派なアイドルなのですから。>是个出色的偶像了。</r>
adv_dear_kcna_009.txt,211,わたくし、もう自分を劣等生の\n最底辺アイドルだなんて呼びませんわ。,<r\=わたくし、もう自分を劣等生の>我，不会再把自己叫做差生中的</r>\r\n<r\=最底辺アイドルだなんて呼びませんわ。>最底层偶像了。</r>
adv_dear_kcna_009.txt,214,わたくしを応援してくださる\nファンの皆様に失礼ですもの。,<r\=わたくしを応援してくださる>这对支持我</r>\r\n<r\=ファンの皆様に失礼ですもの。>的各位粉丝太失礼了。</r>
adv_dear_kcna_009.txt,220,そう、今日からのわたくしは、\nとっても立派なっ！,<r\=そう、今日からのわたくしは、>没错，从今天开始的我，</r>\r\n<r\=とっても立派なっ！>非常出色了！</r>
adv_dear_kcna_011.txt,294,はいっ！　先生は、\nこうおっしゃいました。,<r\=はいっ！　先生は、>好的！老师</r>\r\n<r\=こうおっしゃいました。>这样说道。</r>
adv_dear_kllj_003.txt,37,……うーん、そうですね、\n今お伝えするか悩ましい所ですが――,<r\=……うーん、そうですね、>……嗯——这个嘛，</r>\r\n<r\=今お伝えするか悩ましい所ですが――>现在是否该告诉您正犹豫着呢——</r>
adv_dear_kllj_003.txt,135,……もう少し自然な感じに\nなりませんか？,<r\=……もう少し自然な感じに>……能不能看起来更</r>\r\n<r\=なりませんか？>自然一点？</r>
adv_dear_kllj_003.txt,165,い、いえ、なんか方向性が違うと\n思うんですけど……。,<r\=い、いえ、なんか方向性が違うと>不、不是，我觉得方向</r>\r\n<r\=思うんですけど……。>好像有点不对……。</r>
adv_dear_kllj_010.txt,95,あっ、やっと見つけた！\n探したよ～。\n,<r\=あっ、やっと見つけた！>啊，终于找到了！</r>\r\n<r\=探したよ～。>找了好久～。</r>
adv_dear_kllj_010.txt,100,昨日は部屋帰ったら寝ちゃってたし、\n起きたらもう出かけてるし。\n,<r\=昨日は部屋帰ったら寝ちゃってたし、>昨天回房间后就直接睡着了，</r>\r\n<r\=起きたらもう出かけてるし。>醒来时你已经出门了。</r>
adv_dear_kllj_010.txt,106,ご、ごめんね。帰ったら\n気が抜けちゃって、すぐ……。\n,<r\=ご、ごめんね。帰ったら>对、对不起哦。回到家之后</r>\r\n<r\=気が抜けちゃって、すぐ……。>整个人就松懈下来，马上就……。</r>
adv_dear_kllj_013.txt,81,仕方ない……って。\nみんな、わたしよりすごい人だから。,<r\=仕方ない……って。>这也是没办法的事……</r>\r\n<r\=みんな、わたしよりすごい人だから。>毕竟大家都比我厉害。</r>
adv_dear_kllj_020.txt,59,始まる前、緊張して、不安で……\nお腹が痛かったんですけど……,<r\=始まる前、緊張して、不安で……>开始之前，我紧张不安……</r>\r\n<r\=お腹が痛かったんですけど……>肚子都疼起来了……</r>
adv_dear_shro_005.txt,26,アイドルを<em>目指すため</em>に入った\nって答えたら……,<r\=アイドルを<em>目指すため</em>に入った>当我回答说是</r>\r\n<r\=って答えたら……>为了成为偶像而加入的……</r>
adv_dear_shro_005.txt,115,ですから……思ったことを、\nそのまま言うことにします。,<r\=ですから……思ったことを、>所以……我会把想到的事情，</r>\r\n<r\=そのまま言うことにします。>原原本本地说出来。</r>
adv_dear_shro_005.txt,160,趣味は夢に劣るものではないと\n思います。,<r\=趣味は夢に劣るものではないと>我认为爱好并不</r>\r\n<r\=思います。>逊色于梦想。</r>
adv_dear_shro_006.txt,410,ち、千奈ちゃんに足のマッサージは\nしたことないじゃない。,<r\=ち、千奈ちゃんに足のマッサージは>我、我还没给千奈</r>\r\n<r\=したことないじゃない。>做过脚部按摩不是吗。</r>
adv_dear_shro_011.txt,37,有力な新人アイドルとして\n名を馳せてもらうつもりです。,<r\=有力な新人アイドルとして>我打算让你作为</r>\r\n<r\=名を馳せてもらうつもりです。>实力强劲的新人偶像声名远扬。</r>
adv_dear_shro_012.txt,106,あまりにも無軌道に\n拡散されていくので、,<r\=あまりにも無軌道に>因为实在过于无节制地</r>\r\n<r\=拡散されていくので、>扩散开来了，</r>
adv_dear_shro_018.txt,61,決戦の前に、テンションを\n下げたくないのですが……,<r\=決戦の前に、テンションを>在决战之前，我不想</r>\r\n<r\=下げたくないのですが……>让情绪低落……</r>
adv_dear_ssmk_009.txt,205,……あの約束に支えられているのは、\nわたしも同じです。,<r\=……あの約束に支えられているのは、>……支撑着我的，也是那个约定。</r>\r\n<r\=わたしも同じです。>对我而言也是如此。</r>
adv_dear_ssmk_011.txt,133,今回ばかりは本当に、\n大したことをしていません。,<r\=今回ばかりは本当に、>这次真的</r>\r\n<r\=大したことをしていません。>没做什么大不了的事。</r>
adv_dear_ssmk_014.txt,237,（Pっちがこんなに怒ってるトコ、\n　初めて見た……）,<r\=（Pっちがこんなに怒ってるトコ、>（还是第一次见到P</r>\r\n<r\=　初めて見た……）>　这么生气的地方……）</r>
adv_dear_ssmk_014.txt,329,リーリヤには……弱いところを、\n見せたくなくて。,<r\=リーリヤには……弱いところを、>面对莉莉娅…不想让她看到</r>\r\n<r\=見せたくなくて。>自己脆弱的一面。</r>
adv_dear_ssmk_014.txt,373,あたしは、リーリヤが思ってるほど、\n大したやつじゃないんだよ！,<r\=あたしは、リーリヤが思ってるほど、>我啊，可没有莉莉娅想得那么</r>\r\n<r\=大したやつじゃないんだよ！>厉害啦！</r>
adv_dear_ttmr_001.txt,79,私が起こした<em>問題</em>を……\n知っていると？,<r\=私が起こした<em>問題</em>を……>我所引发的问题……</r>\r\n<r\=知っていると？>你都知道吗？</r>
adv_dear_ttmr_001.txt,119,（……そんなに怒ってる\nみたいに見えるのかな……？）,<r\=（……そんなに怒ってる>（……我看起来有那么</r>\r\n<r\=みたいに見えるのかな……？）>生气吗……？）</r>
adv_dear_ttmr_002.txt,25,私のプロデュースをさせてあげるって\n言ったけど……,<r\=私のプロデュースをさせてあげるって>虽然我说过要让你负责我的培育</r>\r\n<r\=言ったけど……>不过……</r>
adv_dear_ttmr_002.txt,47,専門家の意見を\n聞きたくはありませんか？,<r\=専門家の意見を>你不想听听专家</r>\r\n<r\=聞きたくはありませんか？>的意见吗？</r>
adv_dear_ttmr_002.txt,95,そうなってしまう理由を……\n……聞きたいですか？,<r\=そうなってしまう理由を……>你想知道……这样的原因吗？</r>\r\n<r\=……聞きたいですか？>……想听吗？</r>
adv_dear_ttmr_004.txt,146,だからどんなアクシデントにも\n即応できた。,<r\=だからどんなアクシデントにも>因此无论遇到怎样的意外情况</r>\r\n<r\=即応できた。>都能迅速应对。</r>
adv_dear_ttmr_005.txt,50,ぎりぎりまでパフォーマンスが\n落ちないようにしましょう。,<r\=ぎりぎりまでパフォーマンスが>要尽量坚持到最后一刻，</r>\r\n<r\=落ちないようにしましょう。>不让表演下降。</r>
adv_dear_ttmr_006.txt,187,月村さん。本当に素晴らしい\nライブでした……が。,<r\=月村さん。本当に素晴らしい>月村小姐。这场演唱会实在是</r>\r\n<r\=ライブでした……が。>精彩……不过。</r>
adv_dear_ttmr_006.txt,189,7割の力でいきましょう、と、\n言いましたよね？,<r\=7割の力でいきましょう、と、>用七成的力量去做吧，</r>\r\n<r\=言いましたよね？>对吧？</r>
adv_dear_ttmr_006.txt,206,なにか文句でもあるんですか、\nプロデューサー！？,<r\=なにか文句でもあるんですか、>您有什么不满吗，</r>\r\n<r\=プロデューサー！？>制作人！？</r>
adv_dear_ttmr_009.txt,216,あなたに不自由な思いを\nさせてしまっていた。,<r\=あなたに不自由な思いを>让你感受到了</r>\r\n<r\=させてしまっていた。>不便的困扰呢。</r>
adv_dear_ttmr_014.txt,60,なんって、\n恩着せがましい方なのでしょう！,<r\=なんって、>真是的，</r>\r\n<r\=恩着せがましい方なのでしょう！>好一个施恩图报的人啊！</r>
adv_event_001_main-05.txt,211,これからは、クラス全員\nニックネームで呼び合おう。,<r\=これからは、クラス全員>从今以后，全班同学</r>\r\n<r\=ニックネームで呼び合おう。>用昵称互相称呼吧。</r>
adv_event_001_main-05.txt,224,ニックネームって、\nたとえばどんな？,<r\=ニックネームって、>昵称的话，</r>\r\n<r\=たとえばどんな？>比如有哪些呢？</r>
adv_event_001_main-05.txt,231,そうだな……リーリヤだったら、\nりーぴゃん……とか。,<r\=そうだな……リーリヤだったら、>是啊……如果是莉莉娅的话，</r>\r\n<r\=りーぴゃん……とか。>比如小莉莉……之类的。</r>
adv_event_001_main-05.txt,244,りーぴゃん……\nなんで嫌そうな顔するの。,<r\=りーぴゃん……>小莉莉……</r>\r\n<r\=なんで嫌そうな顔するの。>为什么露出这么嫌弃的表情啊。</r>
adv_event_001_main-05.txt,249,真顔で急にりーぴゃん言われたら\n誰でもそうなるって。,<r\=真顔で急にりーぴゃん言われたら>要是突然被一脸认真地叫小莉莉的话，</r>\r\n<r\=誰でもそうなるって。>任谁都会是那种反应啦。</r>
adv_event_001_main-05.txt,278,……ニックネームで\n呼ばれるのは嫌いじゃない。,<r\=……ニックネームで>……用昵称</r>\r\n<r\=呼ばれるのは嫌いじゃない。>来称呼我，我倒不讨厌。</r>
adv_event_001_main-05.txt,282,……そういうのは……ファンの皆さんに\n付けてもらった方が……,<r\=……そういうのは……ファンの皆さんに>……那种东西……还是让</r>\r\n<r\=付けてもらった方が……>粉丝们来赋予更好……</r>
adv_event_001_main-05.txt,316,さあ！　自己紹介の\nやり直しもできたところで――,<r\=さあ！　自己紹介の>来吧！既然已经重新做好了</r>\r\n<r\=やり直しもできたところで――>自我介绍，接下来——</r>
adv_event_001_main-05.txt,322,クラス全員で、\n<r\=レクリエーション>勝負</r>を始めましょう！,<r\=クラス全員で、>全班同学一起，</r>\r\n<r\=勝負を始めましょう！>开始一决胜负吧！</r>
adv_event_001_main-05.txt,327,あらゆるパーティーゲームで百戦無敵を\n誇るこのわたしに、挑んできなさい！,<r\=あらゆるパーティーゲームで百戦無敵を>在所有的派对游戏中所向披靡的我，</r>\r\n<r\=誇るこのわたしに、挑んできなさい！>尽管放马过来挑战吧！</r>
adv_event_001_main-05.txt,332,へー、はたしてうちの\nめちゃつよリーリヤに勝てるかな～？,<r\=へー、はたしてうちの>哦，到底我们家的</r>\r\n<r\=めちゃつよリーリヤに勝てるかな～？>超强的莉莉娅能赢吗～？</r>
adv_event_001_main-05.txt,338,ゲームの勝敗なんてどうでもいい。\n……けど。,<r\=ゲームの勝敗なんてどうでもいい。>游戏的输赢根本无所谓。</r>\r\n<r\=……けど。>……不过。</r>
adv_event_001_main-05.txt,345,全力でぶつかり合えば、\nわかり合えるし、認め合えるわ。,<r\=全力でぶつかり合えば、>若是全力以赴地碰撞交锋，</r>\r\n<r\=わかり合えるし、認め合えるわ。>就能相互理解，彼此认同。</r>
adv_event_002_main-02.txt,11,これでクラス全員と\n友達になれたかな～？,<r\=これでクラス全員と>这样应该能和全班同学</r>\r\n<r\=友達になれたかな～？>都成为朋友了吧～？</r>
adv_event_002_main-02.txt,159,えっ？　で、では……\n秦谷さんはどこに……？,<r\=えっ？　で、では……>哎？那、那么……</r>\r\n<r\=秦谷さんはどこに……？>秦谷小姐在哪里……？</r>
adv_event_002_main-02.txt,192,もちろん美鈴ちゃんを\nにおいで探してるんだよ。,<r\=もちろん美鈴ちゃんを>当然是在用气味</r>\r\n<r\=においで探してるんだよ。>寻找美铃酱啊。</r>
adv_event_003_main-02.txt,153,うん、まぁ……\nそうだよねぇ。,<r\=うん、まぁ……>嗯，这个嘛……</r>\r\n<r\=そうだよねぇ。>说的也是啊。</r>
adv_event_003_main-02.txt,274,うん、こんなにキツイなんて、\n思わなかったよ。,<r\=うん、こんなにキツイなんて、>嗯，没想到会这么辛苦，</r>\r\n<r\=思わなかったよ。>真是没料到啊。</r>
adv_event_003_main-02.txt,525,1年生だとあまり実感は\nないかもしれないけどね、,<r\=1年生だとあまり実感は>作为一年级学生可能没什么实感</r>\r\n<r\=ないかもしれないけどね、>不过也许吧，</r>
adv_event_003_main-02.txt,529,3年間なんて、本当にあっというまに\n過ぎてしまうんだ。,<r\=3年間なんて、本当にあっというまに>三年时间，真的转瞬即逝</r>\r\n<r\=過ぎてしまうんだ。>就过去了。</r>
adv_event_004_main-05.txt,274,……リーリヤと遊んでくれて\nありがとね。,<r\=……リーリヤと遊んでくれて>……莉莉娅陪我玩</r>\r\n<r\=ありがとね。>谢谢啦。</r>
adv_event_005_main-02.txt,4,まずはふたり目の生徒会新メンバーに\n会いに行きましょう。,<r\=まずはふたり目の生徒会新メンバーに>首先去和学生会的</r>\r\n<r\=会いに行きましょう。>第二位新成员见面吧。</r>
adv_event_005_main-04.txt,39,彼女たちの資料には一通り\n目を通したけれど……,<r\=彼女たちの資料には一通り>她们的资料我已经大致</r>\r\n<r\=目を通したけれど……>看过一遍了……</r>
adv_event_005_main-04.txt,57,……また始まった。貴様に本当に\nそんな特技があるのなら、,<r\=……また始まった。貴様に本当に>……又开始了。你这家伙要是真有</r>\r\n<r\=そんな特技があるのなら、>那种本事的话，</r>
adv_event_005_main-05.txt,6,ここまで順調にスカウトを\n進めてきたけれど……困ったわ。,<r\=ここまで順調にスカウトを>到目前为止侦察进行得还算顺利</r>\r\n<r\=進めてきたけれど……困ったわ。>……但有点麻烦。</r>
adv_event_005_main-05.txt,34,夏のH.I.Fで活躍させたいなどと\n考えているのではあるまいな？,<r\=夏のH.I.Fで活躍させたいなどと>你该不会是在想着要让她在</r>\r\n<r\=考えているのではあるまいな？>夏季的H.I.F上大显身手之类的吧？</r>
adv_event_005_main-05.txt,49,さすがにそれは……もちろん、\n1年生にもすごい子たちはいますけど。,<r\=さすがにそれは……もちろん、>那确实有点……当然，</r>\r\n<r\=1年生にもすごい子たちはいますけど。>一年级里也有很厉害的学生就是了。</r>
adv_event_006_main-05.txt,389,『とても気持ちよくお昼寝\n　できました。』,<r\=『とても気持ちよくお昼寝>『午睡睡得非常舒服</r>\r\n<r\=　できました。』>　做到了。』</r>
adv_event_007_main-01.txt,29,ふふっ、おふたりとも、\nありがとうございます。,<r\=ふふっ、おふたりとも、>呵呵，两位，</r>\r\n<r\=ありがとうございます。>谢谢你们。</r>
adv_event_007_main-01.txt,84,来園したお客さんを、\nおもてなしするお仕事ですわ。,<r\=来園したお客さんを、>前来游园的客人们，</r>\r\n<r\=おもてなしするお仕事ですわ。>就是负责接待服务的工作呢。</r>
adv_event_007_main-01.txt,282,（お声をかけるのは、\n　勇気がいりますわ……）,<r\=（お声をかけるのは、>（要向你开口，</r>\r\n<r\=　勇気がいりますわ……）>　需要勇气呢……）</r>
adv_event_007_main-02.txt,22,……はあ。よりにもよって、\nぽんこつと同じグループか。,<r\=……はあ。よりにもよって、>……唉。偏偏要和那个废柴</r>\r\n<r\=ぽんこつと同じグループか。>分到同一组啊。</r>
adv_event_007_main-02.txt,69,学園での成績が平均になるように\n割り振ってるのかも。,<r\=学園での成績が平均になるように>可能是为了把在学校的成绩</r>\r\n<r\=割り振ってるのかも。>平均分配吧。</r>
adv_event_007_main-02.txt,438,私はことねの代わりで\nここに来たけど――,<r\=私はことねの代わりで>我是代替琴音</r>\r\n<r\=ここに来たけど――>来到这里——</r>
adv_event_007_main-03.txt,153,心配してくださるのは\nありがたいことですけど、,<r\=心配してくださるのは>您能为我担心</r>\r\n<r\=ありがたいことですけど、>我深感荣幸，不过</r>
adv_event_007_main-03.txt,375,私が一番のぽんこつじゃんとか、\n思ってるんでしょう！,<r\=私が一番のぽんこつじゃんとか、>你肯定在想我才是最大的废物吧，</r>\r\n<r\=思ってるんでしょう！> 是这样想的对不对！</r>
adv_event_007_main-03.txt,462,ええっと、正直なところを\n申し上げますと――,<r\=ええっと、正直なところを>呃，请允许我</r>\r\n<r\=申し上げますと――>如实道来——</r>
adv_event_007_main-03.txt,481,本当に怖がらせるつもりなんて、\nなかったんだけど……,<r\=本当に怖がらせるつもりなんて、>我其实并没有真的想吓唬你</r>\r\n<r\=なかったんだけど……>不过……</r>
adv_event_008_main-02.txt,172,久しぶりに手毬ちゃんの生歌、\n聞けちゃいますよ～♪,<r\=久しぶりに手毬ちゃんの生歌、>好久没听到手毬酱的现场演唱，</r>\r\n<r\=聞けちゃいますよ～♪>这次可以听到哦～♪</r>
adv_event_009_main-03.txt,208,……あ、えっと、\n気にしてないので……。,<r\=……あ、えっと、>……啊，那个，</r>\r\n<r\=気にしてないので……。>我并没有在意所以……。</r>
adv_event_009_main-03.txt,351,ケーキ作りが得意だからって\nだけじゃないでしょ？,<r\=ケーキ作りが得意だからって>不仅仅是因为擅长</r>\r\n<r\=だけじゃないでしょ？>做蛋糕对吧？</r>
adv_event_009_main-05.txt,375,（いや、確かにわりと\n大変だったかも！）,<r\=（いや、確かにわりと>（哎呀，说起来可能</r>\r\n<r\=大変だったかも！）>确实挺辛苦的！）</r>
adv_event_010_main-01.txt,24,明後日のバレンタイン、千奈ちゃんは\n誰かにチョコあげるの？,<r\=明後日のバレンタイン、千奈ちゃんは>后天情人节的时候，千奈</r>\r\n<r\=誰かにチョコあげるの？>会送巧克力给谁吗？</r>
adv_event_010_main-01.txt,36,お爺様に手作りのチョコレートを\nさしあげようと思いますの。,<r\=お爺様に手作りのチョコレートを>我打算把亲手制作的</r>\r\n<r\=さしあげようと思いますの。>巧克力送给爷爷呢。</r>
adv_event_010_main-01.txt,48,昨年はお屋敷のメイドたちに\n手伝ってもらったのですけど……,<r\=昨年はお屋敷のメイドたちに>去年是请了宅邸的</r>\r\n<r\=手伝ってもらったのですけど……>女仆们帮忙的......</r>
adv_event_010_main-01.txt,54,今年は自分の力で挑戦して、\nお爺様を驚かせてみせますわ。,<r\=今年は自分の力で挑戦して、>今年我要凭自己的力量去挑战，</r>\r\n<r\=お爺様を驚かせてみせますわ。>让爷爷大吃一惊。</r>
adv_event_010_main-01.txt,86,ふっふー、あたしはねー……\nお姉ちゃん！,<r\=ふっふー、あたしはねー……>哼哼～，我啊……</r>\r\n<r\=お姉ちゃん！>姐姐！</r>
adv_event_010_main-01.txt,103,毎年、お姉ちゃんと一緒に\nチョコを作ってー、交換するんだっ！,<r\=毎年、お姉ちゃんと一緒に>每年我都會和姐姐一起</r>\r\n<r\=チョコを作ってー、交換するんだっ！>做巧克力，然后交换哦！</r>
adv_event_010_main-01.txt,115,佑芽、どっちのチョコが美味しいか、\n勝負よっ！,<r\=佑芽、どっちのチョコが美味しいか、>佑芽，哪边的巧克力更好吃，</r>\r\n<r\=勝負よっ！>一决胜负吧！</r>
adv_event_010_main-01.txt,132,昔は勝負もしてたんだけど、\nぜんっぜんかなわないから、,<r\=昔は勝負もしてたんだけど、>以前也较量过，</r>\r\n<r\=ぜんっぜんかなわないから、>但完全不是对手，所以</r>
adv_event_010_main-01.txt,136,今はお姉ちゃんに\n教えてもらってるんだぁ。,<r\=今はお姉ちゃんに>现在正在让</r>\r\n<r\=教えてもらってるんだぁ。>姐姐教我呢。</r>
adv_event_010_main-01.txt,145,……ふふ、おふたりとも、\nなんの話をしているんですか？,<r\=……ふふ、おふたりとも、>……呵呵，两位，</r>\r\n<r\=なんの話をしているんですか？>在聊些什么呢？</r>
adv_event_010_main-01.txt,153,秦谷さん。明後日のバレンタインの\nことを話していましたの。,<r\=秦谷さん。明後日のバレンタインの>秦谷小姐。刚才在谈论后天的</r>\r\n<r\=ことを話していましたの。>情人节的事情呢。</r>
adv_event_010_main-01.txt,175,中等部の頃は、渡し合っていましたね。\nユニットのメンバー同士で。,<r\=中等部の頃は、渡し合っていましたね。>初中的时候，我们经常互相传递呢。</r>\r\n<r\=ユニットのメンバー同士で。>组合成员之间。</r>
adv_event_010_main-01.txt,179,まりちゃん、太るからって、\n最初は断るんですけど……,<r\=まりちゃん、太るからって、>小毬因为怕发胖，</r>\r\n<r\=最初は断るんですけど……>一开始会拒绝的……</r>
adv_event_010_main-01.txt,186,……毎年、\nちゃんと受け取ってくれるんです。,<r\=……毎年、>……每年，</r>\r\n<r\=ちゃんと受け取ってくれるんです。>都会好好收下。</r>
adv_event_010_main-01.txt,189,まりちゃんも、下駄箱にこっそり、\nチョコを入れてくれていて……ふふ。,<r\=まりちゃんも、下駄箱にこっそり、>小毬也偷偷地，在鞋箱里</r>\r\n<r\=チョコを入れてくれていて……ふふ。>放了巧克力……呵呵。</r>
adv_event_010_main-01.txt,228,はい、なんでしょう？\n……って、ええっ！？,<r\=はい、なんでしょう？>嗯，有什么事吗？</r>\r\n<r\=……って、ええっ！？>……咦，啊！？</r>
adv_event_010_main-01.txt,230,チョコレートの作り方の本、\n全部借りていく。,<r\=チョコレートの作り方の本、>关于巧克力制作的书，</r>\r\n<r\=全部借りていく。>全部借走。</r>
adv_event_010_main-01.txt,235,『洋菓子大全』\n『プロフェッショナルの技法』……,<r\=『洋菓子大全』>《西式糕点大全》</r>\r\n<r\=『プロフェッショナルの技法』……>《专业技法》……</r>
adv_event_010_main-01.txt,240,ほ、本当に全部ですか？\n30冊以上ありますけど。,<r\=ほ、本当に全部ですか？>哎、真的要全部吗？</r>\r\n<r\=30冊以上ありますけど。>可是有30多本呢。</r>
adv_event_010_main-01.txt,248,いえ、そうじゃなくて……\nひとりで持てますか？,<r\=いえ、そうじゃなくて……>不，不是这样的……</r>\r\n<r\=ひとりで持てますか？>你一个人拿得动吗？</r>
adv_event_010_main-01.txt,261,……んっ……ん……\nんんんっ……！,<r\=……んっ……ん……>……嗯…嗯……</r>\r\n<r\=んんんっ……！>嗯嗯嗯…！</r>
adv_event_010_main-01.txt,263,え？　ちょ、ちょっと、\nほんとに大丈夫ですかーっ！？,<r\=え？　ちょ、ちょっと、>咦？等、等一下，</r>\r\n<r\=ほんとに大丈夫ですかーっ！？>真的没问题吗——！？</r>
adv_event_010_main-01.txt,286,……ふぅ。だいたいわかった。\nあとは理論通り作るだけ。,<r\=……ふぅ。だいたいわかった。>……呼……大致明白了。</r>\r\n<r\=あとは理論通り作るだけ。>接下来只要按照理论来制作就行了。</r>
adv_event_011_main-04.txt,480,だからわたくし、\n考えましたの――,<r\=だからわたくし、>所以我，</r>\r\n<r\=考えましたの――>认真思考了——</r>
adv_event_011_main-05.txt,45,突然の提案を受け入れていただき、\nありがとうございました。,<r\=突然の提案を受け入れていただき、>感谢您接受我的突然提议，</r>\r\n<r\=ありがとうございました。>非常感谢。</r>
adv_event_012_main-01.txt,205,それにしても、咲季っちも付き合いが\n良くなってきたね～。,<r\=それにしても、咲季っちも付き合いが>不过，咲季也相处得</r>\r\n<r\=良くなってきたね～。>越来越好了呢～。</r>
adv_event_013_main-01.txt,67,好きなアイドルの全国ツアーを\n追いかけていたから。,<r\=好きなアイドルの全国ツアーを>因为一直在追逐喜欢的</r>\r\n<r\=追いかけていたから。>偶像的全国巡演。</r>
adv_event_013_main-01.txt,156,私はべつにそういったものを\n否定するつもりはない。,<r\=私はべつにそういったものを>我并没有打算</r>\r\n<r\=否定するつもりはない。>否定那些东西。</r>
adv_event_013_main-02.txt,200,本当に暮らしていたんだと思うと、\n浪漫を感じるよ。,<r\=本当に暮らしていたんだと思うと、>一想到真的有人曾在此生活过，</r>\r\n<r\=浪漫を感じるよ。>就感到浪漫无比。</r>
adv_event_013_main-05.txt,225,いくら貴様といえど、\n自惚れがすぎるぞ。,<r\=いくら貴様といえど、>就算是你，</r>\r\n<r\=自惚れがすぎるぞ。>也太过自以为是了。</r>
adv_event_013_main-05.txt,232,……私が、あの子たちを\nプロデュースするのは、,<r\=……私が、あの子たちを>……由我来，</r>\r\n<r\=プロデュースするのは、>担任那些孩子们的制作人，</r>
adv_pevent_001_amao_activity_015.txt,73,歌にしてしまえば覚えやすいと\n思います。,<r\=歌にしてしまえば覚えやすいと>如果把它变成歌的话</r>\r\n<r\=思います。>应该会更容易记住吧。</r>
adv_pevent_001_amao_activity_020.txt,9,寮では、クラスの人と話したり\nするんですか？,<r\=寮では、クラスの人と話したり>在宿舍里，你会和</r>\r\n<r\=するんですか？>同班同学聊天吗？</r>
adv_pevent_001_amao_school_004.txt,6,アイドルは芸能界という業界の\nいち職業と言えますよね？,<r\=アイドルは芸能界という業界の>偶像可以说是演艺圈这个行业的</r>\r\n<r\=いち職業と言えますよね？>一种职业对吧？</r>
adv_pevent_001_amao_school_004.txt,11,仕事とするからには、一人前としての\n責任を負うことにもなりますし……,<r\=仕事とするからには、一人前としての>既然要作为工作，就意味着要作为独当一面的人</r>\r\n<r\=責任を負うことにもなりますし……>承担起相应的责任……</r>
adv_pevent_001_amao_school_004.txt,16,楽しい経験だけとは限りません。\n辛いこともたくさん経験するでしょう。,<r\=楽しい経験だけとは限りません。>并非只有愉快的经历。</r>\r\n<r\=辛いこともたくさん経験するでしょう。>也会经历许多艰辛的事情吧。</r>
adv_pevent_001_amao_school_004.txt,20,アイドルが辛い経験をしたとき、\nどんなサポートができると思いますか？,<r\=アイドルが辛い経験をしたとき、>当偶像经历了艰辛时，</r>\r\n<r\=どんなサポートができると思いますか？>你认为能提供什么样的支持呢？</r>
adv_pevent_001_amao_school_004.txt,25,辛い……アイドル活動を\n通じてのことですよね。,<r\=辛い……アイドル活動を>好辛苦……是说作为偶像活动</r>\r\n<r\=通じてのことですよね。>的过程中吧。</r>
adv_pevent_001_amao_school_004.txt,29,彼女は強い人ですが、\n何度も壁に阻まれるでしょう。,<r\=彼女は強い人ですが、>她是个坚强的人，</r>\r\n<r\=何度も壁に阻まれるでしょう。>但今后恐怕还会屡屡碰壁。</r>
adv_pevent_001_amao_school_004.txt,33,そんなとき、頼ることができる……\nそういう風にありたいですね。,<r\=そんなとき、頼ることができる……>在那种时候，能够依靠的……</r>\r\n<r\=そういう風にありたいですね。>希望自己能够成为那样的人吧。</r>
adv_pevent_001_amao_school_004.txt,34,ひとりで戦える人はいませんからね。\nいい答えだと思います。,<r\=ひとりで戦える人はいませんからね。>没有人能独自战斗啊。</r>\r\n<r\=いい答えだと思います。>我觉得这是个很好的答案。</r>
adv_pevent_001_amao_school_004.txt,40,有村さんのこと、しっかり\nサポートしてくださいね♪,<r\=有村さんのこと、しっかり>有村的事情，要好好</r>\r\n<r\=サポートしてくださいね♪>支持她哦♪</r>
adv_pevent_001_amao_school_004.txt,43,麻央さんは大きな挑戦をしています。\nそれに水をさしたくありません。,<r\=麻央さんは大きな挑戦をしています。>麻央正在迎接巨大的挑战。</r>\r\n<r\=それに水をさしたくありません。>我不想对此泼冷水。</r>
adv_pevent_001_amao_school_004.txt,47,ですからサポートだと悟られない\nのが理想ですね。,<r\=ですからサポートだと悟られない>所以最好不要让人察觉到是支援</r>\r\n<r\=のが理想ですね。>这样才最理想。</r>
adv_pevent_001_amao_school_004.txt,50,悩みがいつの間にか片付いている……\nそんな状態です。,<r\=悩みがいつの間にか片付いている……>烦恼不知不觉间就烟消云散了……</r>\r\n<r\=そんな状態です。>就是这样的状态。</r>
adv_pevent_001_amao_school_004.txt,52,なるほど。なかなか難しいですが、\nチャレンジしがいがありそうです。,<r\=なるほど。なかなか難しいですが、>原来如此。虽然相当困难，</r>\r\n<r\=チャレンジしがいがありそうです。>但确实是个值得挑战的目标。</r>
adv_pevent_001_amao_school_004.txt,58,プロデューサーとして、\nしっかり支えてあげてくださいね！,<r\=プロデューサーとして、>作为制作人，</r>\r\n<r\=しっかり支えてあげてくださいね！>请好好支持他哦！</r>
adv_pevent_001_amao_school_004.txt,62,実際はそういうわけにもいきませんが\n心情的な意味で、です。,<r\=実際はそういうわけにもいきませんが>虽然现实并非如此</r>\r\n<r\=心情的な意味で、です。>但在情感层面上来说。</r>
adv_pevent_001_amao_school_004.txt,66,どんなときでも味方だと\n思ってもらいたいですね。,<r\=どんなときでも味方だと>希望你能觉得无论何时我都是伙伴</r>\r\n<r\=思ってもらいたいですね。>呢。</r>
adv_pevent_001_amao_school_004.txt,67,そうですね。アイドルにとって\n無条件で信じられる味方……,<r\=そうですね。アイドルにとって>是啊。对于偶像来说</r>\r\n<r\=無条件で信じられる味方……>能够无条件信赖的伙伴……</r>
adv_pevent_001_amao_school_004.txt,73,それがプロデューサーとしての、\n究極の形かもしれません。,<r\=それがプロデューサーとしての、>这或许就是作为制作人的，</r>\r\n<r\=究極の形かもしれません。>终极形态也说不定呢。</r>
adv_pevent_001_fktn_activity_009.txt,7,1935円の35パーセントオフは\nいくらですか？,<r\=1935円の35パーセントオフは>1935日元打35%的折扣</r>\r\n<r\=いくらですか？>是多少？</r>
adv_pevent_001_fktn_activity_009.txt,31,いやでも、細かい金額の割引計算\nなんて、そうそうできませんよ。\n,<r\=いやでも、細かい金額の割引計算>不过，详细金额的折扣计算</r>\r\n<r\=なんて、そうそうできませんよ。>可没那么容易做到啊。</r>
adv_pevent_001_fktn_school_008.txt,27,ドイツ語のアルバイトは\n仕事という意味です。,<r\=ドイツ語のアルバイトは>德语中的“Arbeit”（打工）</r>\r\n<r\=仕事という意味です。>是“工作”的意思。</r>
adv_pevent_001_hski_activity_008.txt,11,面倒くさい気持ちは\nわかりますよ。,<r\=面倒くさい気持ちは>觉得麻烦的心情</r>\r\n<r\=わかりますよ。>我理解。</r>
adv_pevent_001_hski_school_002.txt,19,って、こんなのじゃなくて\nアイドルとしてですよね。,<r\=って、こんなのじゃなくて>不是指这种身份</r>\r\n<r\=アイドルとしてですよね。>而是作为偶像对吧。</r>
adv_pevent_001_hski_school_002.txt,49,ですから、次にこんな状況になった\nときのために。,<r\=ですから、次にこんな状況になった>因此，为了下次再遇到这种情况</r>\r\n<r\=ときのために。>的时候做好准备。</r>
adv_pevent_001_hski_school_002.txt,52,それ、今からわたしに教わって\nおきたいってこと？\n,<r\=それ、今からわたしに教わって>你是说现在就要我教你</r>\r\n<r\=おきたいってこと？>这件事吗？</r>
adv_pevent_001_hume_activity_009.txt,5,今日はライブを見に行くって\n本当ですかっ！？,<r\=今日はライブを見に行くって>今天要去看演唱会这件事</r>\r\n<r\=本当ですかっ！？>是真的吗！？</r>
adv_pevent_001_hume_activity_014.txt,5,とゆーわけで、お姉ちゃんへの\nプレゼントを買いますっ！,<r\=とゆーわけで、お姉ちゃんへの>所以，我要给姐姐</r>\r\n<r\=プレゼントを買いますっ！>买礼物！</r>
adv_pevent_001_hume_activity_014.txt,13,プロデューサーさんって、\n大学生じゃないですか！,<r\=プロデューサーさんって、>制作人先生，</r>\r\n<r\=大学生じゃないですか！>您不是大学生吗！</r>
adv_pevent_001_hume_activity_014.txt,16,センスのいいプレゼントで、\nお姉ちゃんをビックリさせてください！,<r\=センスのいいプレゼントで、>用有品位的礼物，</r>\r\n<r\=お姉ちゃんをビックリさせてください！>让姐姐大吃一惊！</r>
adv_pevent_001_jsna_activity_002.txt,5,……生徒会メンバーへの\n差し入れですか？,<r\=……生徒会メンバーへの>……是给学生会成员的</r>\r\n<r\=差し入れですか？>慰问品吗？</r>
adv_pevent_001_jsna_activity_002.txt,11,ええ。莉波や美鈴がたまに\nお菓子を持ってきてくれるのだけれど、,<r\=ええ。莉波や美鈴がたまに>嗯。虽然莉波和美铃偶尔会</r>\r\n<r\=お菓子を持ってきてくれるのだけれど、>带甜点过来给我吃，不过……</r>
adv_pevent_001_jsna_activity_002.txt,17,もらってばかりじゃ\n申し訳ないじゃない？,<r\=もらってばかりじゃ>总是单方面接受</r>\r\n<r\=申し訳ないじゃない？>不是过意不去吗？</r>
adv_pevent_001_jsna_activity_002.txt,22,ありがとう。けれどそうではなく、\nあなたから意見をもらいたいの。,<r\=ありがとう。けれどそうではなく、>谢谢。不过不是这样的，</r>\r\n<r\=あなたから意見をもらいたいの。>我想听听你的意见。</r>
adv_pevent_001_jsna_activity_002.txt,30,でしたら、定番のクッキーなどは\nいかがでしょう。,<r\=でしたら、定番のクッキーなどは>如果是这样的话，经典曲奇之类的</r>\r\n<r\=いかがでしょう。>您觉得怎么样？</r>
adv_pevent_001_jsna_activity_002.txt,38,私もそう思ったのだけれど……\nさすがに定番すぎないかしら？,<r\=私もそう思ったのだけれど……>我也这么想过……</r>\r\n<r\=さすがに定番すぎないかしら？>会不会太老套了？</r>
adv_pevent_001_jsna_activity_002.txt,40,定番ということは、それだけ喜ぶ人が\n多いということですよ。,<r\=定番ということは、それだけ喜ぶ人が>经典之所以成为经典，</r>\r\n<r\=多いということですよ。>正是因为喜欢的人很多啊。</r>
adv_pevent_001_jsna_activity_002.txt,43,それに、どんな差し入れだろうと、\nその気持ち自体が嬉しいものです。,<r\=それに、どんな差し入れだろうと、>而且，无论是怎样的慰问品，</r>\r\n<r\=その気持ち自体が嬉しいものです。>那份心意本身就很让人开心。</r>
adv_pevent_001_jsna_activity_002.txt,45,フフ……その通りね。\n今回はクッキーにしておくわ。,<r\=フフ……その通りね。>呵呵……没错呢。</r>\r\n<r\=今回はクッキーにしておくわ。>这次我就选饼干吧。</r>
adv_pevent_001_jsna_activity_002.txt,51,他の方がお菓子を持ってくるのなら、\nそれに合う紅茶やコーヒーがよいかと。,<r\=他の方がお菓子を持ってくるのなら、>如果有人带点心来的话，</r>\r\n<r\=それに合う紅茶やコーヒーがよいかと。>搭配红茶或咖啡应该不错吧。</r>
adv_pevent_001_jsna_activity_002.txt,59,たしかに、あまりお菓子ばかりでも\n困るものね。,<r\=たしかに、あまりお菓子ばかりでも>确实，如果总是吃太多点心的话，</r>\r\n<r\=困るものね。>确实会让人困扰呢。</r>
adv_pevent_001_jsna_activity_002.txt,61,ええ。飲み物なら、お菓子がなくても\n差し入れとして成立しますし。,<r\=ええ。飲み物なら、お菓子がなくても>是的。如果是饮料的话，即使没有点心</r>\r\n<r\=差し入れとして成立しますし。>也能作为慰问品成立。</r>
adv_pevent_001_jsna_activity_002.txt,65,そういうことなら、\n紅茶とコーヒーと……,<r\=そういうことなら、>如果是这样的话，</r>\r\n<r\=紅茶とコーヒーと……>红茶和咖啡……</r>
adv_pevent_001_jsna_activity_002.txt,71,あと、美鈴は和菓子も持ってくるし、\n緑茶なんかがいいかしら。,<r\=あと、美鈴は和菓子も持ってくるし、>另外，美铃还会带和菓子来，</r>\r\n<r\=緑茶なんかがいいかしら。>准备绿茶之类的应该不错吧。</r>
adv_pevent_001_jsna_activity_002.txt,80,お手軽ですし、\n種類が多ければ盛り上がるかな、と。,<r\=お手軽ですし、>既方便，</r>\r\n<r\=種類が多ければ盛り上がるかな、と。>种类多的话应该会很热闹吧。</r>
adv_pevent_001_jsna_activity_004.txt,23,今日はどんな曲を練習したら\nいいかしら？,<r\=今日はどんな曲を練習したら>今天该练习</r>\r\n<r\=いいかしら？>什么曲子比较好呢？</r>
adv_pevent_001_jsna_school_004.txt,5,十王さんはすでに『<r\=プリマステラ>一番星</r>』を\n取った実力者です。,<r\=十王さんはすでに『一番星』を>十王小姐已经是获得过《一番星》</r>\r\n<r\=取った実力者です。>的实力派人物了。</r>
adv_pevent_001_jsna_school_004.txt,11,きみのことですから、萎縮したりは\nしないと思いますけど……,<r\=きみのことですから、萎縮したりは>因为是你的话，我想应该</r>\r\n<r\=しないと思いますけど……>是不会畏缩……</r>
adv_pevent_001_jsna_school_004.txt,16,そんな担当アイドルと接するにあたって\n気をつけていることはありますか？,<r\=そんな担当アイドルと接するにあたって>在与负责的偶像接触时</r>\r\n<r\=気をつけていることはありますか？>有什么需要注意的地方吗？</r>
adv_pevent_001_jsna_school_007.txt,5,十王さんは紅茶を飲むことが\n多いようですね。,<r\=十王さんは紅茶を飲むことが>十王同学好像</r>\r\n<r\=多いようですね。>经常喝红茶呢。</r>
adv_pevent_001_jsna_school_007.txt,11,紅茶には健康に嬉しい成分が、\nたくさん含まれているんです。,<r\=紅茶には健康に嬉しい成分が、>红茶中含有有益健康的成分，</r>\r\n<r\=たくさん含まれているんです。>这些成分含量丰富。</r>
adv_pevent_001_jsna_school_007.txt,14,特に、リラックス効果があると\nいう話はよく聞きますよね♪,<r\=特に、リラックス効果があると>尤其是关于它具有放松效果</r>\r\n<r\=いう話はよく聞きますよね♪>的说法，确实经常能听到呢♪</r>
adv_pevent_001_jsna_school_007.txt,21,では、リラックス効果があるのは、\nどのような成分でしょう？,<r\=では、リラックス効果があるのは、>那么，具有放松效果的是</r>\r\n<r\=どのような成分でしょう？>哪些成分呢？</r>
adv_pevent_001_jsna_school_007.txt,29,正解です！　もしかして、\n十王さんに聞いていましたか？,<r\=正解です！　もしかして、>答对了！莫非，</r>\r\n<r\=十王さんに聞いていましたか？>你向十王先生打听过了吗？</r>
adv_pevent_001_jsna_school_007.txt,35,テアニンは紅茶の渋みの奥にある\nうまみや甘みをかもし出す成分です。,<r\=テアニンは紅茶の渋みの奥にある>茶氨酸是隐藏在红茶涩味深处的</r>\r\n<r\=うまみや甘みをかもし出す成分です。>能够产生鲜味和甜味的成分。</r>
adv_pevent_001_jsna_school_007.txt,39,ふたりとも、\n日々忙しく過ごしているでしょうし……,<r\=ふたりとも、>你们两位，</r>\r\n<r\=日々忙しく過ごしているでしょうし……>每天应该都过得很忙碌吧……</r>
adv_pevent_001_jsna_school_007.txt,42,一緒に紅茶を飲んでリラックスするのも\nいいかもしれませんね♪,<r\=一緒に紅茶を飲んでリラックスするのも>一起喝杯红茶放松身心</r>\r\n<r\=いいかもしれませんね♪>或许也不错呢♪</r>
adv_pevent_001_jsna_school_007.txt,55,タンニンも紅茶に含まれる代表的な\n成分ではありますね。,<r\=タンニンも紅茶に含まれる代表的な>单宁也是红茶中含有</r>\r\n<r\=成分ではありますね。>代表性的成分之一。</r>
adv_pevent_001_jsna_school_007.txt,63,風邪を引かないように、予防として\n紅茶を飲むのもいいかもしれませんね。,<r\=風邪を引かないように、予防として>为了预防感冒，作为预防措施</r>\r\n<r\=紅茶を飲むのもいいかもしれませんね。>喝红茶或许也不错呢。</r>
adv_pevent_001_jsna_school_007.txt,69,アイドルも、プロデューサーも\n健康が第一です♪,<r\=アイドルも、プロデューサーも>偶像也好，制作人也好</r>\r\n<r\=健康が第一です♪>健康才是第一位♪</r>
adv_pevent_001_jsna_school_007.txt,73,それは紅茶ではなく、\n角砂糖に入っている成分では……？,<r\=それは紅茶ではなく、>这不是红茶里的成分，</r>\r\n<r\=角砂糖に入っている成分では……？>而是方糖中含有的物质……？</r>
adv_pevent_001_jsna_school_007.txt,84,糖分は大切なエネルギー源ですが、\n摂りすぎには要注意ですよ！,<r\=糖分は大切なエネルギー源ですが、>糖分是重要的能量来源，</r>\r\n<r\=摂りすぎには要注意ですよ！>但过量摄入需注意哦！</r>
adv_pevent_001_kcna_school_010.txt,12,きみも負けないようにしないと\nいけませんね。,<r\=きみも負けないようにしないと>你也必须加油</r>\r\n<r\=いけませんね。>努力不输才行呢。</r>
adv_pevent_001_shro_school_004.txt,11,自分の意見をしっかり言える人ですが、\n悩みがないわけではないと思います。\n,<r\=自分の意見をしっかり言える人ですが、>虽然是个能明确表达自己意见的人，</r>\r\n<r\=悩みがないわけではないと思います。>但我想也并非没有烦恼。</r>
adv_pevent_001_shro_school_004.txt,62,実際、悩みの原因は\n様々ですからね。\n,<r\=実際、悩みの原因は>实际上，烦恼的原因是</r>\r\n<r\=様々ですからね。>多种多样的。</r>
adv_pevent_001_ssmk_activity_019.txt,5,清夏さんは海外の言語を\n喋ることはできますか？,<r\=清夏さんは海外の言語を>清夏小姐会说</r>\r\n<r\=喋ることはできますか？>外国的语言吗？</r>
adv_pevent_001_ttmr_school_005.txt,5,1たす1は2じゃなくて10だ、という\n比喩がある。,<r\=1たす1は2じゃなくて10だ、という>有个比喻说1加1，不等于2</r>\r\n<r\=比喩がある。>而是等于10。</r>
adv_pevent_001_ttmr_school_005.txt,9,ふたりで協力することで、何倍もの\n成果を上げられるという意味だな。,<r\=ふたりで協力することで、何倍もの>两人通力合作，就能取得</r>\r\n<r\=成果を上げられるという意味だな。>数倍的成果——是这个意思吧。</r>
adv_pevent_001_ttmr_school_005.txt,10,ところが数学の世界でも、\n実際に1+1\=10が成り立つことがある。,<r\=ところが数学の世界でも、>然而在数学的世界里，</r>\r\n<r\=実際に1+1\=10が成り立つことがある。>实际上也存在1+1=10成立的情况。</r>
adv_pevent_001_ttmr_school_005.txt,11,月村、1+1\=10が成り立つのは\nどんなときだ？,<r\=月村、1+1\=10が成り立つのは>月村，1+1=10成立的时候</r>\r\n<r\=どんなときだ？>是什么时候呢？</r>
adv_pevent_001_ttmr_school_005.txt,12,（どんなときって……漫画でしか\n　知らないんだけど）,<r\=（どんなときって……漫画でしか>（什么时候呢……我只有在漫画里</r>\r\n<r\=　知らないんだけど）>　才知道）</r>
adv_pevent_001_ttmr_school_005.txt,20,（プロデューサーが言ってたっけ？\n　思い出せ、思い出せ……）,<r\=（プロデューサーが言ってたっけ？>（制作人说过吗？</r>\r\n<r\=　思い出せ、思い出せ……）>　快想起来，快想起来……）</r>
adv_pevent_001_ttmr_school_005.txt,32,2進数は0と1だけで全ての数字を\n表すから、1の次は10になるんだ。,<r\=2進数は0と1だけで全ての数字を>二进制只用0和1来表示所有数字，</r>\r\n<r\=表すから、1の次は10になるんだ。>所以1之后就是10。</r>
adv_pevent_001_ttmr_school_005.txt,33,まあ読み方は「いちぜろ」だから、\n「じゅう」とは別の数字なんだが。,<r\=まあ読み方は「いちぜろ」だから、>嘛，读法是「一零」，所以</r>\r\n<r\=「じゅう」とは別の数字なんだが。>和「十」是不同的数字。</r>
adv_pevent_001_ttmr_school_005.txt,34,（……10じゃないってこと！？\nなにこの問題！？）,<r\=（……10じゃないってこと！？>（……难道不是10吗！？</r>\r\n<r\=なにこの問題！？）>这到底是什么题目啊！？）</r>
adv_pevent_001_ttmr_school_005.txt,45,（でもプロデューサーのお陰で、\n　間違えずにすんだな……）,<r\=（でもプロデューサーのお陰で、>（不过多亏了制作人，</r>\r\n<r\=　間違えずにすんだな……）>　才没有出错……）</r>
adv_pevent_001_ttmr_school_005.txt,48,進数という考えに至ったのは\nいいが、それは普通の数だ。,<r\=進数という考えに至ったのは>虽然想到了进制数的概念</r>\r\n<r\=いいが、それは普通の数だ。>但那就是普通的数啊。</r>
adv_pevent_001_ttmr_school_005.txt,50,答えは2進数。\nこれは数字を0と1の2つで表す。,<r\=答えは2進数。>答案是二进制数。</r>\r\n<r\=これは数字を0と1の2つで表す。>这是用0和1两个数字来表示的。</r>
adv_pevent_001_ttmr_school_005.txt,51,10進数は0から9までの10個の\n数字を使う、というわけだ。,<r\=10進数は0から9までの10個の>十进制就是使用0到9这10个</r>\r\n<r\=数字を使う、というわけだ。>数字，道理就在于此。</r>
adv_pevent_001_ttmr_school_005.txt,52,（……アイドルの実力には\n　関係ないよね）,<r\=（……アイドルの実力には>（……和偶像的实力</r>\r\n<r\=　関係ないよね）>　无关吧）</r>
adv_pevent_001_ttmr_school_005.txt,59,（というか、なんで2進数だと\n　そうなるの……？）,<r\=（というか、なんで2進数だと>（或者说，为什么用二进制的话</r>\r\n<r\=　そうなるの……？）>　就会变成这样……？）</r>
adv_pevent_001_ttmr_school_005.txt,64,……ん？　まあいい。\n答えは2進数だ。,<r\=……ん？　まあいい。>……嗯？算了。</r>\r\n<r\=答えは2進数だ。>答案是二进制数。</r>
adv_pevent_001_ttmr_school_005.txt,66,2進数は1と0だけで数字を表す。\nだから1の次は10になるんだ。,<r\=2進数は1と0だけで数字を表す。>二进制只用1和0来表示数字。</r>\r\n<r\=だから1の次は10になるんだ。>所以1之后就是10了。</r>
adv_pevent_001_ttmr_school_005.txt,67,ところで聞き間違いかもしれないが、\n今、なんて答えた？,<r\=ところで聞き間違いかもしれないが、>不过可能是我听错了，</r>\r\n<r\=今、なんて答えた？>你刚才回答了什么？</r>
adv_pevent_002_fktn_sales_2-003-02.txt,9,今日は、天川観光大使就任イベントに\n登壇していただきます。,<r\=今日は、天川観光大使就任イベントに>今天，在天川观光大使</r>\r\n<r\=登壇していただきます。>就职活动上登台致辞。</r>
adv_pevent_002_hrnm_sales_3-001-02.txt,15,いいですね、イメージビデオの撮影中も\n今のように自然に過ごしてください。,<r\=いいですね、イメージビデオの撮影中も>很好啊，在拍摄形象视频期间也</r>\r\n<r\=今のように自然に過ごしてください。>请像现在这样保持自然的状态。</r>
adv_pevent_002_hrnm_sales_3-001-02.txt,31,いいね、地元をのんびり歩くとき\nみたいで気持ちよさそう。,<r\=いいね、地元をのんびり歩くとき>真不错，在老家悠闲散步的时候</r>\r\n<r\=みたいで気持ちよさそう。>看起来心情很舒畅的样子。</r>
adv_pevent_002_hrnm_sales_3-001-02.txt,44,楽しそうだね、四つ葉のクローバーとか\nもしかしたら見つけられるかも。,<r\=楽しそうだね、四つ葉のクローバーとか>看起来好开心啊，像是四叶草什么的</r>\r\n<r\=もしかしたら見つけられるかも。>说不定能找到呢。</r>
adv_pevent_002_hume_sales_4-005-02.txt,5,今日は、動画サイトの\nゲーム番組の撮影ですよねっ！,<r\=今日は、動画サイトの>今天是，要拍摄视频网站的</r>\r\n<r\=ゲーム番組の撮影ですよねっ！>游戏节目对吧！</r>
adv_pevent_002_hume_sales_4-005-02.txt,23,力いっぱいパンチすればいいんですね！\nやってみます！,<r\=力いっぱいパンチすればいいんですね！>只要全力出拳就可以了吧！</r>\r\n<r\=やってみます！>让我试试看！</r>
adv_pevent_002_hume_sales_4-005-02.txt,36,実際に戦う方が好きですけど、\nゲームでやるのも面白そうですねっ！,<r\=実際に戦う方が好きですけど、>虽然我更喜欢实际战斗，</r>\r\n<r\=ゲームでやるのも面白そうですねっ！>但用游戏形式进行似乎也很有趣呢！</r>
adv_pevent_002_hume_sales_4-005-02.txt,51,普通のバスケみたいにシュート\nするんだ～これならできそうです！,<r\=普通のバスケみたいにシュート>就像普通篮球那样投篮</r>\r\n<r\=するんだ～これならできそうです！>的话～这样应该能做到吧！</r>
adv_pevent_002_shro_sales_2-003-02.txt,9,今日は、天川観光大使就任イベントに\n登壇していただきます。,<r\=今日は、天川観光大使就任イベントに>今天，在天川观光大使</r>\r\n<r\=登壇していただきます。>就职活动上登台致辞。</r>
adv_pevent_002_shro_sales_2-003-02.txt,17,観光大使就任イベントって、\nなにをしたらいいの？,<r\=観光大使就任イベントって、>观光大使就职活动，</r>\r\n<r\=なにをしたらいいの？>该做些什么好呢？</r>
adv_pstory_001_amao_after-step-1-normal-03.txt,63,ファンの皆さんは自然体の魅力をこそ\n求めていると思います。,<r\=ファンの皆さんは自然体の魅力をこそ>我认为粉丝们真正追求的</r>\r\n<r\=求めていると思います。>正是自然不做作的魅力。</r>
adv_pstory_001_fktn_after-audition-final-failure-01.txt,75,そう覚悟して、\n挑戦しているように見えます。,<r\=そう覚悟して、>看起来你已经做好了这样的觉悟，</r>\r\n<r\=挑戦しているように見えます。>正在迎接挑战。</r>
adv_pstory_001_fktn_after-audition-final-failure-01.txt,86,信頼がなさすぎて、プロデューサー\nとしての自信が揺らぎそうです。,<r\=信頼がなさすぎて、プロデューサー>因为太缺乏信任，作为制作人</r>\r\n<r\=としての自信が揺らぎそうです。>的自信都开始动摇了。</r>
adv_pstory_001_fktn_opening-normal-01.txt,8,まずは、ありのままの実力を\n見せてください。\n,<r\=まずは、ありのままの実力を>首先，请向我展现出</r>\r\n<r\=見せてください。>你真实的实力。</r>
adv_pstory_001_hrnm_after-audition-final-normal-03.txt,73,うん、わかった。私を選んでくれた、\nきみを信じて――,<r\=うん、わかった。私を選んでくれた、>嗯，我知道了。选择了我，</r>\r\n<r\=きみを信じて――>我相信你——</r>
adv_pstory_001_hrnm_after-step-2-normal-03.txt,95,これまでの妹キャラな私のファンを\nイメージしてたから、,<r\=これまでの妹キャラな私のファンを>因为我的粉丝之前一直</r>\r\n<r\=イメージしてたから、>把我设想为妹妹系的角色，</r>
adv_pstory_001_hrnm_ending-normal-04.txt,31,今回は様子を見ていましたが――\nもう少しレッスンを増やしても、,<r\=今回は様子を見ていましたが――>这次我暂时观望了一下——</r>\r\n<r\=もう少しレッスンを増やしても、>即使稍微增加一些课程，</r>
adv_pstory_001_hski_after-audition-mid-normal-03.txt,51,咲季さんが自分で思っているよりも\nずっと……,<r\=咲季さんが自分で思っているよりも>咲季小姐比自己认为的</r>\r\n<r\=ずっと……>还要……</r>
adv_pstory_001_hume_after-audition-mid-normal-03.txt,26,いつも、長くかかるんです。\nなのに、ずいぶん早いなって。,<r\=いつも、長くかかるんです。>平时总是要花很长时间。</r>\r\n<r\=なのに、ずいぶん早いなって。>不过这次倒是挺快的嘛。</r>
adv_pstory_001_hume_ending-true-01.txt,119,あたしを勝てるようにしてくれて、\nありがとうございました！,<r\=あたしを勝てるようにしてくれて、>谢谢你让我能够获胜，</r>\r\n<r\=ありがとうございました！>真的非常感谢！</r>
adv_pstory_001_hume_ending-true-01.txt,133,あたしをプロデュース\nしてくれませんか！？,<r\=あたしをプロデュース>你能来当我的制作人吗</r>\r\n<r\=してくれませんか！？>可以吗！？</r>
adv_pstory_001_kcna_after-audition-mid-normal-03.txt,101,鬼のようなトレーナーの\n指導を耐え忍び……,<r\=鬼のようなトレーナーの>忍受着魔鬼般</r>\r\n<r\=指導を耐え忍び……>教练的指导……</r>
adv_pstory_001_kcna_after-audition-mid-normal-03.txt,105,地獄のようなレッスンを\n続けてきたのですわ……！,<r\=地獄のようなレッスンを>这地狱般的课程</r>\r\n<r\=続けてきたのですわ……！>我可是坚持至今了呢……！</r>
adv_pstory_001_kcna_after-audition-mid-normal-03.txt,110,そ、それを言わないで\nくださいませぇ！,<r\=そ、それを言わないで>请、请不要说那个</r>\r\n<r\=くださいませぇ！>求求您了！</r>
adv_pstory_001_kcna_after-audition-mid-normal-03.txt,117,もちろん、わかっていますよ。\n本当に頑張りましたね。,<r\=もちろん、わかっていますよ。>当然，我明白的。</r>\r\n<r\=本当に頑張りましたね。>真的很努力了呢。</r>
adv_pstory_001_kllj_after-audition-mid-normal-04.txt,15,えっ？　……えええっ！？\nほ、本当ですか……！？,<r\=えっ？　……えええっ！？>哎？……哎哎哎！？</r>\r\n<r\=ほ、本当ですか……！？>真、真的吗……！？</r>
adv_pstory_001_kllj_ending-normal-01.txt,15,……てっきり疲れ切って\nいるかと思いましたが。,<r\=……てっきり疲れ切って>……本以为肯定已经</r>\r\n<r\=いるかと思いましたが。>疲惫不堪了呢。</r>
adv_pstory_001_kllj_ending-normal-01.txt,20,……えへへ。もう動けないくらい\nへとへとなんですけど……,<r\=……えへへ。もう動けないくらい>……嘿嘿……已经累到动不了了</r>\r\n<r\=へとへとなんですけど……>精疲力尽了呢……</r>
adv_pstory_001_kllj_ending-true-01.txt,58,センパイが、\n頑張り方を、教えてくれました。,<r\=センパイが、>前辈，</r>\r\n<r\=頑張り方を、教えてくれました。>教会了我努力的方法。</r>
adv_pstory_001_shro_ending-normal-01.txt,45,顔色もごまかせないほど\n悪くなっていました。,<r\=顔色もごまかせないほど>连脸色都差到</r>\r\n<r\=悪くなっていました。>无法掩饰的程度了。</r>
adv_pstory_001_shro_ending-normal-01.txt,73,このライブのオーディションに\n合格したとき。,<r\=このライブのオーディションに>通过这场现场演出的选拔</r>\r\n<r\=合格したとき。>时。</r>
adv_pstory_001_shro_ending-normal-01.txt,74,うかつに褒めたせいで、篠澤さんの\nやる気を落としてしまいました。,<r\=うかつに褒めたせいで、篠澤さんの>因为我不慎的夸奖，</r>\r\n<r\=やる気を落としてしまいました。>反而打击了篠泽同学的积极性。</r>
adv_pstory_001_ssmk_before-audition-final-normal-01.txt,33,うーん、やっぱりPっちには\nバレるんだよね～。,<r\=うーん、やっぱりPっちには>嗯～果然还是会被P发现啊～</r>\r\n<r\=バレるんだよね～。>完全瞒不过呢～。</r>
adv_pstory_001_ssmk_opening-true-01.txt,31,これからもちゃんと\nあたしのこと見ててよねっ！\n,<r\=これからもちゃんと>从今以后也要好好</r>\r\n<r\=あたしのこと見ててよねっ！>看着人家哦！</r>
adv_pstory_001_ttmr_after-audition-final-normal-01.txt,16,いままでにないくらい、\n強い手ごたえがあった。,<r\=いままでにないくらい、>这是迄今为止从未有过的，</r>\r\n<r\=強い手ごたえがあった。>强烈的反馈感。</r>
adv_pstory_001_ttmr_after-audition-final-normal-01.txt,24,だけど……これで\n満足するわけにはいかない。,<r\=だけど……これで>可是……这样</r>\r\n<r\=満足するわけにはいかない。>可无法让我满足。</r>
adv_pstory_001_ttmr_after-audition-final-normal-01.txt,31,あなたはトップアイドルに\nなるのだから。,<r\=あなたはトップアイドルに>你可是要成为</r>\r\n<r\=なるのだから。>顶级偶像的人。</r>
adv_pstory_001_ttmr_after-audition-final-normal-01.txt,39,というわけで、\n手早く反省会を済ませましょう。,<r\=というわけで、>既然如此，</r>\r\n<r\=手早く反省会を済ませましょう。>就让我们速战速决完成总结会吧。</r>
adv_pstory_001_ttmr_after-audition-final-normal-01.txt,42,最高のライブにするために、\n準備をしよう！,<r\=最高のライブにするために、>为了打造最棒的现场演出，</r>\r\n<r\=準備をしよう！>一起准备吧！</r>
adv_pstory_001_ttmr_after-audition-final-normal-01.txt,60,？　いいけど……\nなにをするんですか？,<r\=？　いいけど……>？可以是可以……</r>\r\n<r\=なにをするんですか？>要做什么呢？</r>
adv_pstory_001_ttmr_after-audition-final-normal-01.txt,71,べ、別にいいです、そんなの！\n時間の無駄です！,<r\=べ、別にいいです、そんなの！>才、才不是呢，那种事情！</r>\r\n<r\=時間の無駄です！>真是浪费时间！</r>
adv_pstory_001_ttmr_after-audition-final-normal-01.txt,76,そうはいきません。良い成果を\n褒めるのは重要なことです。,<r\=そうはいきません。良い成果を>那可不行。表扬好的成果</r>\r\n<r\=褒めるのは重要なことです。>是很重要的事情。</r>
adv_pstory_001_ttmr_after-audition-final-normal-01.txt,80,その決まり文句を言えば、私が素直に\n言うことを聞くと思ってませんか？,<r\=その決まり文句を言えば、私が素直に>您觉得只要说出那句老套的话</r>\r\n<r\=言うことを聞くと思ってませんか？>我就会乖乖听话吗？</r>
adv_pstory_001_ttmr_after-audition-final-normal-01.txt,83,はぁ……こんな会話をしている\n時間こそが無駄ですね。,<r\=はぁ……こんな会話をしている>唉……进行这种对话</r>\r\n<r\=時間こそが無駄ですね。>的时间才是浪费啊。</r>
adv_pstory_001_ttmr_after-audition-final-normal-01.txt,97,そのつもりです。これから私たちは、\n何度も何度も……,<r\=そのつもりです。これから私たちは、>正是如此打算的。从今往后，我们还会</r>\r\n<r\=何度も何度も……>一次又一次地……</r>
adv_pstory_001_ttmr_after-audition-final-normal-01.txt,102,成功を重ねて、\n上に行くんですから！,<r\=成功を重ねて、>正因为不断累积成功，</r>\r\n<r\=上に行くんですから！>才能向上攀登啊！</r>
adv_pstory_001_ttmr_after-audition-final-normal-01.txt,106,というわけで、お祝いの時間は\n早々に切り上げましょう。,<r\=というわけで、お祝いの時間は>既然如此，庆祝的时间就</r>\r\n<r\=早々に切り上げましょう。>趁早结束吧。</r>
adv_pstory_001_ttmr_after-audition-final-normal-01.txt,109,今日の映像を見せますので、\n本番のライブまでに修正を。,<r\=今日の映像を見せますので、>今天在影像中看到的，</r>\r\n<r\=本番のライブまでに修正を。>请务必在正式演唱会前修正。</r>
adv_pstory_001_ttmr_after-audition-mid-normal-02.txt,64,へたくそな慰めの言葉を、\n口にしなくてすむように。,<r\=へたくそな慰めの言葉を、>那些笨拙的安慰话语，</r>\r\n<r\=口にしなくてすむように。>不必说出口。</r>
adv_pstory_001_ttmr_after-audition-mid-normal-03.txt,32,月村さんは中等部では\nトップクラスのアイドルでした。,<r\=月村さんは中等部では>月村同学在初中部时是</r>\r\n<r\=トップクラスのアイドルでした。>顶尖的偶像。</r>
adv_pstory_001_ttmr_after-audition-mid-normal-03.txt,35,しかし高等部ではそうではない。\n……ということでしょう。,<r\=しかし高等部ではそうではない。>但在高中部并非如此。</r>\r\n<r\=……ということでしょう。>……应该就是这么回事吧。</r>
adv_pstory_001_ttmr_after-audition-mid-normal-03.txt,39,わかってはいたけど……\n簡単じゃないってことか。,<r\=わかってはいたけど……>虽然心里明白……</r>\r\n<r\=簡単じゃないってことか。>但事情似乎并不简单啊。</r>
adv_pstory_001_ttmr_after-audition-mid-normal-03.txt,45,いいね。そのくらいじゃないと\n張り合いないよ。,<r\=いいね。そのくらいじゃないと>不错。不这样的话</r>\r\n<r\=張り合いないよ。>就没意思了。</r>
adv_pstory_001_ttmr_after-audition-mid-normal-03.txt,63,は？　……私にとっては、\nこれでもできすぎってこと？,<r\=は？　……私にとっては、>哈？……对我来说，</r>\r\n<r\=これでもできすぎってこと？>这样都算太过了吗？</r>
adv_pstory_001_ttmr_after-audition-mid-normal-03.txt,65,いまの月村さんは、中等部時代よりも\n低い実力しか発揮できていない。,<r\=いまの月村さんは、中等部時代よりも>现在的月村同学，比起中等部时代</r>\r\n<r\=低い実力しか発揮できていない。>只能发挥出更低的实力。</r>
adv_pstory_001_ttmr_after-audition-mid-normal-03.txt,66,高等部では通用しないと思っています。\nこのままでは。,<r\=高等部では通用しないと思っています。>我觉得在高等部是行不通的。</r>\r\n<r\=このままでは。>这样下去的话。</r>
adv_pstory_001_ttmr_after-audition-mid-normal-03.txt,71,はっきり言うね。\n……腹が立つけど、私も同感。,<r\=はっきり言うね。>我就直说了。</r>\r\n<r\=……腹が立つけど、私も同感。>……虽然很火大，但我也有同感。</r>
adv_pstory_001_ttmr_after-audition-mid-normal-03.txt,82,いまのままで通用しないなら、\n成長するだけだから。,<r\=いまのままで通用しないなら、>如果现在的做法行不通，</r>\r\n<r\=成長するだけだから。>那就继续成长吧。</r>
adv_pstory_001_ttmr_after-audition-mid-normal-03.txt,96,私はトップアイドルを\n目指してるんだから。,<r\=私はトップアイドルを>我可是以成为顶级偶像</r>\r\n<r\=目指してるんだから。>为目标在努力的啊。</r>
adv_pstory_001_ttmr_after-audition-mid-normal-03.txt,102,当然のように、1位を\n取り続けなくちゃならないんだ。,<r\=当然のように、1位を>必须像理所当然一样，</r>\r\n<r\=取り続けなくちゃならないんだ。>一直保持第一位。</r>
adv_pstory_001_ttmr_after-audition-mid-normal-03.txt,106,……すごく悔しい。\n自分がまだまだって、思い知った。,<r\=……すごく悔しい。>……真是非常不甘心。</r>\r\n<r\=自分がまだまだって、思い知った。>深刻认识到自己还远远不够。</r>
adv_pstory_001_ttmr_ending-normal-02.txt,16,気に入ってくれたようで、\n安心しました。,<r\=気に入ってくれたようで、>看来你喜欢，</r>\r\n<r\=安心しました。>我就放心了。</r>
adv_pstory_002_cmmn_world-explanation.txt,43,きみならきっと\nそう言うだろうと思いました。,<r\=きみならきっと>我就知道如果是你</r>\r\n<r\=そう言うだろうと思いました。>一定会这么说。</r>
adv_pstory_002_cmmn_world-explanation.txt,50,そうおっしゃいましたが、\n他にも参加資格が必要なのでしょうか？,<r\=そうおっしゃいましたが、>虽然您这么说，</r>\r\n<r\=他にも参加資格が必要なのでしょうか？>但还有其他参加资格需要满足吗？</r>
adv_pstory_002_cmmn_world-explanation.txt,87,その上位3名に入っていなければ\nいけないんです。,<r\=その上位3名に入っていなければ>没有进入前3名</r>\r\n<r\=いけないんです。>是绝对不行的。</r>
adv_pstory_002_cmmn_world-explanation.txt,99,観客の心を動かすパフォーマンスを\n見せるのはもちろんアイドルですが。,<r\=観客の心を動かすパフォーマンスを>能够打动观众心灵的表演</r>\r\n<r\=見せるのはもちろんアイドルですが。>当然是由偶像来呈现的。</r>
adv_pstory_002_fktn_before-audition-b-normal-01.txt,61,こうしてあなたと\n向かい合っていたら……,<r\=こうしてあなたと>像这样与你</r>\r\n<r\=向かい合っていたら……>相对而视的话……</r>
adv_pstory_002_hski_after-audition-mid-failure-01.txt,35,悔しがるタイミングを\nのがしちゃったじゃない！,<r\=悔しがるタイミングを>这不就错过不甘心的</r>\r\n<r\=のがしちゃったじゃない！>最佳时机了吗！</r>
adv_pstory_002_hume_after-audition-final-normal-01.txt,50,思いっきり\n悔しがることができたんです。,<r\=思いっきり>能够尽情地</r>\r\n<r\=悔しがることができたんです。>感到懊悔了。</r>
adv_startup_2024_user-bd-01_jsna-01.txt,19,あなたがアイドルのことを\nよく調べているように――,<r\=あなたがアイドルのことを>正如你对偶像之事</r>\r\n<r\=よく調べているように――>调查得如此详尽——</r>
