文件名,问题描述,原文,译文
adv_cidol-amao-3-002_01.txt,应使用日式引号'『』'保持一致; 应使用日式引号'『』'保持一致,――『Feel Jewel Dream』。,——《Feel Jewel Dream》
adv_cidol-amao-3-007_01.txt,应使用日式引号'『』'保持一致; 应使用日式引号'『』'保持一致,『NEXT IDOL AUDITION』を,用这首歌在《NEXT IDOL AUDITION》
adv_cidol-amao-3-007_01.txt,应使用日式引号'『』'保持一致; 应使用日式引号'『』'保持一致,先輩たちが『Campus mode!!』を,看到前辈们帅气演唱
adv_cidol-amao-3-007_02.txt,应使用书名号'《》'代替日式引号'『』',『Campus mode!!』の,『Campus mode!!』的
adv_cidol-amao-3-007_02.txt,应使用书名号'《》'代替日式引号'『』',『Campus mode!!』の,『Campus mode!!』
adv_cidol-amao-3-007_02.txt,应使用书名号'《》'代替日式引号'『』',『Campus mode!!』を,『Campus mode!!』
adv_cidol-amao-3-007_02.txt,应使用日式引号'『』'保持一致; 应使用日式引号'『』'保持一致,麻央先輩に『Campus mode!!』の,能跟麻央前辈学
adv_cidol-amao-3-007_03.txt,应使用日式引号'『』'保持一致; 应使用日式引号'『』'保持一致,『Campus mode!!』に,就能穿上
adv_cidol-amao-3-007_03.txt,应使用书名号'《》'代替日式引号'『』',『Campus mode!!』は、,『Campus mode!!』是一首
adv_cidol-amao-3-007_03.txt,应使用日式引号'『』'保持一致; 应使用日式引号'『』'保持一致,新しい『Campus mode!!』を,为大家展现全新的
adv_cidol-amao-3-007_03.txt,应使用日式引号'『』'保持一致; 应使用日式引号'『』'保持一致,『Campus mode!!』を,或许会有
adv_cidol-fktn-3-000_02.txt,应使用日式引号'『』'保持一致; 应使用日式引号'『』'保持一致,『できるできるできる、そうだ』,"""能做到能做到能做到 就是这样"""
adv_cidol-fktn-3-000_02.txt,应使用日式引号'『』'保持一致; 应使用日式引号'『』'保持一致,『信じてくれる人がいる』,"""有人愿意相信你"""
adv_cidol-fktn-3-000_02.txt,应使用日式引号'『』'保持一致; 应使用日式引号'『』'保持一致,『世界で一番可愛い』を自称してる,"自称""世界第一可爱""的偶像"
adv_cidol-fktn-3-000_02.txt,应使用日式引号'『』'保持一致; 应使用日式引号'『』'保持一致,……よっし。『あたしの歌』の,……好嘞。这就去练习
adv_cidol-fktn-3-006_02.txt,应使用日式引号'『』'保持一致; 应使用日式引号'『』'保持一致,『楽しんできた経験』が求められます。,"充分""体验过节""的经验。"
adv_cidol-fktn-3-006_02.txt,应使用日式引号'『』'保持一致; 应使用日式引号'『』'保持一致,『普通のクリスマス』も経験しておいた,确实应该先体验下
adv_cidol-fktn-3-006_03.txt,应使用日式引号'『』'保持一致; 应使用日式引号'『』'保持一致,『普通のクリスマス』と呼ぶには、,"虽然说是体验""普通圣诞节"""
adv_cidol-fktn-3-007_01.txt,应使用日式引号'『』'保持一致; 应使用日式引号'『』'保持一致,『特別なファンサ』を,"""特别版粉丝互动"""
adv_cidol-fktn-3-007_01.txt,应使用日式引号'『』'保持一致; 应使用日式引号'『』'保持一致,世界一可愛い『ファンサ』は、,"虽然""世界第一可爱的粉丝互动"""
adv_cidol-fktn-3-007_01.txt,应使用日式引号'『』'保持一致; 应使用日式引号'『』'保持一致,『ファンサ』のテクニックを学び、,学习粉丝互动的技巧，
adv_cidol-fktn-3-007_01.txt,应使用日式引号'『』'保持一致; 应使用日式引号'『』'保持一致,常にベストな『ファンサ』を,要想随时随地展现最完美的互动，
adv_cidol-fktn-3-007_01.txt,应使用日式引号'『』'保持一致; 应使用日式引号'『』'保持一致,『ファンサ』カリキュラムは、,"""粉丝互动""课程，"
adv_cidol-fktn-3-007_01.txt,应使用日式引号'『』'保持一致; 应使用日式引号'『』'保持一致,えっ、『ファンサ』のレッスン？,哎？粉丝互动的课程？
adv_cidol-fktn-3-007_01.txt,应使用日式引号'『』'保持一致; 应使用日式引号'『』'保持一致,ぷ、プロデューサーの『ファンサ』は、,"噗，制作人先生的""粉丝互动""，"
adv_cidol-fktn-3-007_02.txt,应使用日式引号'『』'保持一致; 应使用日式引号'『』'保持一致,『少人数に向けたファンサ』を、,把「小规模粉丝互动」的技巧
adv_cidol-fktn-3-007_02.txt,应使用日式引号'『』'保持一致,『あっ、いま目が合った！　,就是让更多人感受到
adv_cidol-fktn-3-007_02.txt,应使用日式引号'『』'保持一致; 应使用日式引号'『』'保持一致,たとえるなら『もらい泣き』が,就像「被感染的哭泣」
adv_cidol-fktn-3-007_02.txt,应使用日式引号'『』'保持一致; 应使用日式引号'『』'保持一致,会場のあのへんに……『あの人』に、,比如在会场的那个区域……对那个人
adv_cidol-fktn-3-007_02.txt,应使用日式引号'『』'保持一致; 应使用日式引号'『』'保持一致,『カメラを意識したファンサ』――,「镜头意识下的互动技巧」——
adv_cidol-fktn-3-007_02.txt,应使用日式引号'『』'保持一致; 应使用日式引号'『』'保持一致,きっと『N.I.A』でも役立つわ。,对「N.I.A」活动也很有帮助哦。
adv_cidol-fktn-3-007_02.txt,应使用日式引号'『』'保持一致; 应使用日式引号'『』'保持一致,ことねちゃんに『特別なファンサ』を,我正在教琴音
adv_cidol-fktn-3-007_02.txt,应使用日式引号'『』'保持一致; 应使用日式引号'『』'保持一致,『特別なファンサ』というのはね～。,"所谓的""特别粉丝服务""呢——"
adv_cidol-fktn-3-007_02.txt,应使用日式引号'『』'保持一致; 应使用日式引号'『』'保持一致,これが『特別なファンサ』です。,"这就是""特别粉丝服务""。"
adv_cidol-fktn-3-007_02.txt,应使用日式引号'『』'保持一致; 应使用日式引号'『』'保持一致,『特別なファンサ』が。,"""特别粉丝服务""。"
adv_cidol-fktn-3-007_02.txt,应使用日式引号'『』'保持一致; 应使用日式引号'『』'保持一致,『特別なファンサ』とは、すなわち,"""特别粉丝服务""就是"
adv_cidol-fktn-3-007_02.txt,应使用日式引号'『』'保持一致; 应使用日式引号'『』'保持一致,さすがに『N.I.A』の期間中には,"不过在""N.I.A""活动期间内"
adv_cidol-fktn-3-007_03.txt,应使用书名号'《》'代替日式引号'『』',『Campus mode!!』ッ！！,『Campus mode!!』！！
adv_cidol-fktn-3-011_01.txt,应使用日式引号'『』'保持一致,あたしが夏の『H.I.F』に,梦见自己参加了夏季的
adv_cidol-fktn-3-011_01.txt,应使用日式引号'『』'保持一致,この勢いで、リアルの『H.I.F』にも,要是能带着这股劲
adv_cidol-fktn-3-011_01.txt,应使用日式引号'『』'保持一致,はい！　3人で『H.I.F』に,没错！我们三个人
adv_cidol-fktn-3-011_01.txt,应使用日式引号'『』'保持一致,ようやく……『一番星』に手が届く,好不容易……才终于
adv_cidol-hrnm-3-000_02.txt,应使用日式引号'『』'保持一致; 应使用日式引号'『』'保持一致,この『clumsy trick』は、,这首《clumsy trick》
adv_cidol-hrnm-3-007_01.txt,应使用日式引号'『』'保持一致; 应使用日式引号'『』'保持一致,曲と衣装で、『N.I.A』に,的歌曲和服装
adv_cidol-hrnm-3-007_01.txt,应使用日式引号'『』'保持一致; 应使用日式引号'『』'保持一致,でも、『Campus mode!!』の,但是既然要穿上
adv_cidol-hrnm-3-007_02.txt,应使用书名号'《》'代替日式引号'『』',『Campus mode!!』を,承载着『Campus mode!!』
adv_cidol-hrnm-3-007_03.txt,应使用书名号'《》'代替日式引号'『』',憧れの『Campus mode!!』の,穿上憧憬的『Campus mode!!』
adv_cidol-hrnm-3-007_03.txt,应使用书名号'《》'代替日式引号'『』',それより、『Campus mode!!』の,比起这个，『Campus mode!!』的
adv_cidol-hrnm-3-007_03.txt,应使用书名号'《》'代替日式引号'『』',『Campus mode!!』の衣装を,『Campus mode!!』服装
adv_cidol-hrnm-3-007_03.txt,应使用书名号'《》'代替日式引号'『』',私だけの『Campus mode!!』。,只属于我的『Campus mode!!』。
adv_cidol-hrnm-3-008_02.txt,应使用日式引号'『』'保持一致; 应使用日式引号'『』'保持一致,（……『アイドル育成論』,（……《偶像培育论》
adv_cidol-hrnm-3-008_02.txt,应使用日式引号'『』'保持一致; 应使用日式引号'『』'保持一致,『表現の基本』『ポーズの基本』）,《表现基础》《姿势基础》）
adv_cidol-hrnm-3-008_02.txt,应使用日式引号'『』'保持一致; 应使用日式引号'『』'保持一致,（『実践プロデュース論・上』,（《实践制作论·上》
adv_cidol-hrnm-3-008_02.txt,应使用日式引号'『』'保持一致; 应使用日式引号'『』'保持一致,『アイドル序説』『アイドルの歴史』）,《偶像概论》《偶像历史》）
adv_cidol-hski-3-002_01.txt,应使用日式引号'『』'保持一致; 应使用日式引号'『』'保持一致,『夏休みの休養計画』で勝負よ！,"就用""暑假休息计划""来一决胜负吧！"
adv_cidol-hski-3-008_02.txt,应使用书名号'《》'代替日式引号'『』',『Campus mode!!』花海咲季の,这是『Campus mode!!』花海咲季的
adv_cidol-hski-3-008_02.txt,应使用书名号'《》'代替日式引号'『』',『Campus mode!!』を身にまとった,只要穿上『Campus mode!!』这身行头，
adv_cidol-hski-3-008_02.txt,应使用书名号'《》'代替日式引号'『』',『Campus mode!!』の,因为『Campus mode!!』的
adv_cidol-hski-3-008_02.txt,应使用书名号'《》'代替日式引号'『』',花海咲季の『Campus mode!!』で――,要用花海咲季的『Campus mode!!』——
adv_cidol-hski-3-008_02.txt,应使用书名号'《》'代替日式引号'『』',『Campus mode!!』だった子も、,穿着『Campus mode!!』表演的
adv_cidol-hski-3-012_03.txt,应使用日式引号'『』'保持一致; 应使用日式引号'『』'保持一致,『花海咲季を選んだ俺』が、最強です。,「选中花海咲季的我」，是最强的。
adv_cidol-hski-3-012_03.txt,应使用日式引号'『』'保持一致,『あなたにプロデュースされている,「被你培育的我」
adv_cidol-hski-3-012_03.txt,应使用日式引号'『』'保持一致,わたし』こそが、最強よ。,才是最强的。
adv_cidol-hume-3-000_02.txt,应使用日式引号'『』'保持一致,あ！『こいつ、またいつものごり押し,啊！您脸上写着
adv_cidol-hume-3-000_02.txt,应使用日式引号'『』'保持一致,かよ』って、呆れた顔をしてますね！,"""这家伙又要蛮干了吗""的无奈表情呢！"
adv_cidol-hume-3-000_03.txt,应使用日式引号'『』'保持一致; 应使用日式引号'『』'保持一致,『会場の全員と共鳴する』――,"""与全场观众共鸣""——"
adv_cidol-hume-3-006_01.txt,应使用书名号'《》'代替日式引号'『』',『Campus mode!!』を,将『Campus mode!!』
adv_cidol-hume-3-006_02.txt,应使用日式引号'『』'保持一致; 应使用日式引号'『』'保持一致,咲季が『絶対負けられない勝負』で,"还有咲季在""绝对不能输的比赛""中"
adv_cidol-hume-3-006_02.txt,应使用日式引号'『』'保持一致; 应使用日式引号'『』'保持一致,恐るべき力です。もしも『N.I.A』の,这可是很可怕的力量呢。如果
adv_cidol-hume-3-006_02.txt,应使用日式引号'『』'保持一致; 应使用日式引号'『』'保持一致,『Campus mode!!』を,演唱
adv_cidol-hume-3-006_03.txt,应使用日式引号'『』'保持一致; 应使用日式引号'『』'保持一致,『FINALE』に届かなかった,还有那些没能站上《FINALE》舞台的
adv_cidol-hume-3-006_03.txt,应使用日式引号'『』'保持一致; 应使用日式引号'『』'保持一致,『ファンへの想い』などという,"所谓""对粉丝的感情""这种"
adv_cidol-hume-3-006_03.txt,应使用日式引号'『』'保持一致; 应使用日式引号'『』'保持一致,『ファンは自分の一部』――,"""粉丝是自己的一部分""——"
adv_cidol-hume-3-006_03.txt,应使用书名号'《》'代替日式引号'『』',『Campus mode!!』,『Campus mode!!』
adv_cidol-jsna-3-000_01.txt,应使用日式引号'『』'保持一致; 应使用日式引号'『』'保持一致,ちっとも『最後の歌』じゃないわね。,"完全不像""最后的歌""呢。"
adv_cidol-jsna-3-000_02.txt,应使用日式引号'『』'保持一致; 应使用日式引号'『』'保持一致,『上』ばかりが気になるようだな。,"眼里只有""上面""啊。"
adv_cidol-jsna-3-000_02.txt,应使用日式引号'『』'保持一致; 应使用日式引号'『』'保持一致,もっと『下』にも,偶尔也该看看
adv_cidol-jsna-3-000_03.txt,应使用日式引号'『』'保持一致; 应使用日式引号'『』'保持一致,『夢』などという曖昧なものを,既然是处理「梦想」这种
adv_cidol-jsna-3-002_01.txt,应使用书名号'《》'代替日式引号'『』',『Campus mode!!』を,『Campus mode!!』作为
adv_cidol-jsna-3-002_01.txt,应使用书名号'《》'代替日式引号'『』',『Campus mode!!』は、,『Campus mode!!』是
adv_cidol-jsna-3-002_01.txt,应使用书名号'《》'代替日式引号'『』',『Campus mode!!』を歌い、,演唱这首『Campus mode!!』，
adv_cidol-jsna-3-002_01.txt,应使用书名号'《》'代替日式引号'『』',『Campus mode!!』を歌う,演唱『Campus mode!!』
adv_cidol-jsna-3-002_02.txt,应使用日式引号'『』'保持一致; 应使用日式引号'『』'保持一致,あの子にも『Campus mode!!』を,我打算让那孩子也学会
adv_cidol-jsna-3-002_02.txt,应使用日式引号'『』'保持一致; 应使用日式引号'『』'保持一致,『ファンサ』について,好好聊聊关于
adv_cidol-jsna-3-002_02.txt,应使用日式引号'『』'保持一致; 应使用日式引号'『』'保持一致,藤田ことねが持つ、あの『熱』を、,哪怕只是触摸到藤田琴音身上
adv_cidol-jsna-3-002_03.txt,应使用日式引号'『』'保持一致; 应使用日式引号'『』'保持一致,『家族の応援』の力を。,"""家人的应援""的力量。"
adv_cidol-jsna-3-002_03.txt,应使用日式引号'『』'保持一致; 应使用日式引号'『』'保持一致,コレではなく『Campus mode!!』,"说""不要这个版本，"
adv_cidol-jsna-3-003_01.txt,应使用日式引号'『』'保持一致; 应使用日式引号'『』'保持一致,なにが『というわけで』なのか、,"什么叫""就是这样"""
adv_cidol-jsna-3-003_02.txt,应使用日式引号'『』'保持一致; 应使用日式引号'『』'保持一致,とっても可愛い『素』の燕ちゃんを、,都说想看看燕酱
adv_cidol-jsna-3-006_03.txt,应使用日式引号'『』'保持一致; 应使用日式引号'『』'保持一致,『お返し』のサインをお願いします。,"请回赠您的签名作为""回礼""吧。"""
adv_cidol-jsna-3-006_03.txt,应使用日式引号'『』'保持一致; 应使用日式引号'『』'保持一致,私が『誰』に向けて、,"我该向着""谁""，"
adv_cidol-kcna-3-007_01.txt,应使用日式引号'『』'保持一致; 应使用日式引号'『』'保持一致,新たな『Campus mode!!』に,有新的初星偶像要穿上
adv_cidol-kcna-3-007_01.txt,应使用日式引号'『』'保持一致; 应使用日式引号'『』'保持一致,『Campus mode!!』です。,是专为仓本千奈准备的。
adv_cidol-kcna-3-007_01.txt,应使用日式引号'『』'保持一致; 应使用日式引号'『』'保持一致,『Campus mode!!』の,看来可以期待您
adv_cidol-kcna-3-007_02.txt,应使用书名号'《》'代替日式引号'『』',『Campus mode!!』……,『Campus mode!!』……
adv_cidol-kcna-3-007_02.txt,应使用书名号'《》'代替日式引号'『』',あなたが『Campus mode!!』の,听说你在为掌握『Campus mode!!』
adv_cidol-kcna-3-007_02.txt,应使用书名号'《》'代替日式引号'『』',『Campus mode!!』には……,『Campus mode!!』这首歌……
adv_cidol-kcna-3-007_02.txt,应使用日式引号'『』'保持一致; 应使用日式引号'『』'保持一致,『Campus mode!!』をステージで,曾经在舞台上表演过
adv_cidol-kcna-3-007_02.txt,应使用书名号'《》'代替日式引号'『』',『Campus mode!!』は、,所有公开的『Campus mode!!』
adv_cidol-kcna-3-007_02.txt,应使用日式引号'『』'保持一致; 应使用日式引号'『』'保持一致,『Campus mode!!』を授かる方が,就获得演唱
adv_cidol-kcna-3-007_02.txt,应使用日式引号'『』'保持一致; 应使用日式引号'『』'保持一致,月村手毬の『Campus mode!!』を,亲眼看看月村手毬的
adv_cidol-kcna-3-007_02.txt,应使用书名号'《》'代替日式引号'『』',『Campus mode!!』には、,『Campus mode!!』这首歌里
adv_cidol-kcna-3-007_02.txt,应使用书名号'《》'代替日式引号'『』',あなたの『Campus mode!!』、,你的『Campus mode!!』表演，
adv_cidol-kcna-3-007_03.txt,应使用日式引号'『』'保持一致; 应使用日式引号'『』'保持一致,『Campus mode!!』を、,仓本千奈的
adv_cidol-kcna-3-007_03.txt,应使用日式引号'『』'保持一致; 应使用日式引号'『』'保持一致,『Campus mode!!』の習得、,成功掌握『校园模式！！』
adv_cidol-kcna-3-007_03.txt,应使用日式引号'『』'保持一致; 应使用日式引号'『』'保持一致,『Campus mode!!』にも、,『校园模式！！』
adv_cidol-kcna-3-007_03.txt,应使用日式引号'『』'保持一致; 应使用日式引号'『』'保持一致,『Campus mode!!』を！,『校园模式！！』！
adv_cidol-kllj-3-000_01.txt,应使用日式引号'『』'保持一致; 应使用日式引号'『』'保持一致,――曲名は『白線』。,——歌名叫《白线》。
adv_cidol-kllj-3-005_02.txt,应使用日式引号'『』'保持一致; 应使用日式引号'『』'保持一致,『ふわっとブレザーつむじちゃん』って,《轻飘飘西服旋涡酱》这部
adv_cidol-kllj-3-005_02.txt,应使用日式引号'『』'保持一致; 应使用日式引号'『』'保持一致,『ふわっとブレザーつむじちゃん』、,《轻飘飘西装小旋君》
adv_cidol-kllj-3-006_02.txt,应使用日式引号'『』'保持一致; 应使用日式引号'『』'保持一致,『ふわっとブレザーつむじちゃん』の,《轻飘飘西装领小呆毛》的
adv_cidol-kllj-3-006_03.txt,应使用日式引号'『』'保持一致; 应使用日式引号'『』'保持一致,葛城さんの『Campus mode!!』を,是时候向大家展示
adv_cidol-shro-3-001_03.txt,应使用日式引号'『』'保持一致; 应使用日式引号'『』'保持一致,この『おじいちゃん』というファイル。,"这个标着""老爷爷""的档案……"
adv_cidol-shro-3-007_01.txt,应使用书名号'《》'代替日式引号'『』',『Campus mode!!』を,『Campus mode!!』
adv_cidol-shro-3-007_01.txt,应使用日式引号'『』'保持一致; 应使用日式引号'『』'保持一致,わたしは『Campus mode!!』、,我不会唱也不会跳
adv_cidol-shro-3-007_01.txt,应使用日式引号'『』'保持一致; 应使用日式引号'『』'保持一致,『Campus mode!!』習得のための,我准备了特训方案
adv_cidol-shro-3-007_02.txt,应使用书名号'《》'代替日式引号'『』',『Campus mode!!』篠澤広。,『Campus mode!!』篠泽广。
adv_cidol-shro-3-007_02.txt,应使用书名号'《》'代替日式引号'『』',『Campus mode!!』の,留到『Campus mode!!』的
adv_cidol-shro-3-007_02.txt,应使用书名号'《》'代替日式引号'『』',『Campus mode!!』篠澤広の,『Campus mode!!』篠泽广的
adv_cidol-shro-3-007_02.txt,应使用书名号'《》'代替日式引号'『』',『Campus mode!!』の篠澤広を、,帮『Campus mode!!』的篠泽广
adv_cidol-shro-3-007_03.txt,应使用日式引号'『』'保持一致; 应使用日式引号'『』'保持一致,篠澤広の『Campus mode!!』を、,大家都一直很期待
adv_cidol-shro-3-007_03.txt,应使用日式引号'『』'保持一致; 应使用日式引号'『』'保持一致,アイドル『篠澤広』の振り付けを,"愿意为偶像""篠泽广"""
adv_cidol-shro-3-007_03.txt,应使用日式引号'『』'保持一致; 应使用日式引号'『』'保持一致,『初星学園のアイドル』のための楽曲。,"为""初星学园偶像""创作的歌曲。"
adv_cidol-shro-3-008_02.txt,应使用日式引号'『』'保持一致; 应使用日式引号'『』'保持一致,ふむ、『一刻も早く』……でしたね。,"嗯，""分秒必争""……是吧。"
adv_cidol-shro-3-008_03.txt,应使用日式引号'『』'保持一致; 应使用日式引号'『』'保持一致,あなたが『本当に作りたいもの』……,你「真正想做的东西」……
adv_cidol-ssmk-3-007_03.txt,应使用日式引号'『』'保持一致; 应使用日式引号'『』'保持一致,『Campus mode!!』を、,我演唱的
adv_cidol-ssmk-3-007_03.txt,应使用日式引号'『』'保持一致; 应使用日式引号'『』'保持一致,最強のアイドル『紫雲清夏』を、,告诉她根本不需要担心
adv_cidol-ttmr-3-007_02.txt,应使用全角感叹号'！'而非半角'!',『SyngUp!』を結成する,在组建『SyngUp!』
adv_cidol-ttmr-3-007_02.txt,应使用全角感叹号'！'而非半角'!',『SyngUp!』の元リーダー。,『SyngUp!』的前任队长。
adv_cidol-ttmr-3-007_02.txt,应使用全角感叹号'！'而非半角'!',結成当時の『SyngUp!』なんて、,刚成立时的『SyngUp!』
adv_cidol-ttmr-3-007_03.txt,应使用日式引号'『』'保持一致; 应使用日式引号'『』'保持一致,切実な訴えは、『燐羽様』を慕う,"这番恳切的请求，和崇拜""燐羽大人""的"
adv_cidol-ttmr-3-007_03.txt,应使用日式引号'『』'保持一致; 应使用日式引号'『』'保持一致,『燐羽様』ファンの皆さんは、,"听说""燐羽大人""的粉丝们"
adv_cidol-ttmr-3-009_01.txt,应使用日式引号'『』'保持一致; 应使用日式引号'『』'保持一致,『SyngUp!』の出会いでした。,相遇的经过。
adv_cidol-ttmr-3-009_02.txt,应使用全角感叹号'！'而非半角'!',『SyngUp!』の出会いでした。,『SyngUp!』的初次相遇。
adv_cidol-ttmr-3-009_03.txt,应使用日式引号'『』'保持一致; 应使用日式引号'『』'保持一致,えっ『ちくわぶ』知らないの？　,结果她一脸惊讶地说
adv_cidol-ttmr-3-009_03.txt,应使用日式引号'『』'保持一致; 应使用日式引号'『』'保持一致,『うどん』や『すいとん』に,"虽然有人说它像""乌冬面"""
adv_cidol-ttmr-3-009_03.txt,应使用全角感叹号'！'而非半角'!'; 应使用日式引号'『』'保持一致; 应使用日式引号'『』'保持一致,『SyngUp!の出会い』,从《SyngUp!的相遇》
adv_cidol-ttmr-3-009_03.txt,应使用日式引号'『』'保持一致; 应使用日式引号'『』'保持一致,『夢のはじまり』,到《梦想的起点》……
adv_cidol-ttmr-3-009_03.txt,应使用日式引号'『』'保持一致; 应使用日式引号'『』'保持一致,『ちくわぶとの出会い』より,"比""竹轮麸的邂逅"""
adv_cidol-ttmr-3-011_01.txt,应使用全角感叹号'！'而非半角'!',『SyngUp!』を再結成するとか、,是要重组『SyngUp!』，
adv_cidol-ttmr-3-011_03.txt,应使用全角感叹号'！'而非半角'!',『SyngUp!』恒例のファンサです。,是『SyngUp!』传统的粉丝服务。
adv_csprt-2-0003_01.txt,应使用日式引号'『』'保持一致; 应使用日式引号'『』'保持一致,『ローゼンヌの薔薇』を観て感動して、,《罗森努的蔷薇》时很感动，
adv_csprt-2-0031_02.txt,应使用日式引号'『』'保持一致; 应使用日式引号'『』'保持一致,（……たぶん、『愛情』とか,（……大概是指
adv_csprt-3-0006_02.txt,应使用日式引号'『』'保持一致; 应使用日式引号'『』'保持一致,ふふ……また『姫崎先輩』に、,呵呵……又变成
adv_csprt-3-0006_02.txt,应使用日式引号'『』'保持一致; 应使用日式引号'『』'保持一致,はいっ！　『そんなに』なのですわっ！,是的！就是「这种程度」！
adv_csprt-3-0006_03.txt,应使用日式引号'『』'保持一致; 应使用日式引号'『』'保持一致,『そうではない』とおっしゃる方が、,如果有人敢说
adv_csprt-3-0011_03.txt,应使用日式引号'『』'保持一致; 应使用日式引号'『』'保持一致,いまの成績は関係ない。私が『視』て、,现有成绩无关紧要。我只是用这双眼睛，
adv_csprt-3-0015_03.txt,省略号应使用'……'而非'...',H.I.Fに出場してもらうつもりよ。,以个人偶像身份参加H.I.F。
adv_csprt-3-0018_02.txt,应使用日式引号'『』'保持一致; 应使用日式引号'『』'保持一致,『絶対全員参加させるぞー』って、,清夏可是干劲十足地说
adv_csprt-3-0020_02.txt,应使用日式引号'『』'保持一致; 应使用日式引号'『』'保持一致,おいて『プロデューサー』は、,"""制作人""这个头衔"
adv_csprt-3-0025_03.txt,应使用日式引号'『』'保持一致; 应使用日式引号'『』'保持一致,佑芽が『なんで？』って言う気持ち、,现在能理解佑芽
adv_csprt-3-0027_03.txt,应使用日式引号'『』'保持一致; 应使用日式引号'『』'保持一致,ふたりとの『今日』とは、,和今天与你们共度的时光
adv_csprt-3-0032_01.txt,应使用全角感叹号'！'而非半角'!',『SyngUp!』で一番素行が悪いんです。,是『SyngUp!』里品行最差的一个哦。
adv_csprt-3-0032_02.txt,应使用日式引号'『』'保持一致; 应使用日式引号'『』'保持一致,佑芽の『頼れる先輩』でいるのは……,"要当佑芽眼中""可靠的学姐""……"
adv_csprt-3-0032_03.txt,省略号应使用'……'而非'...',倉本千奈を、今夏のH.I.Fで,命令仓本千奈在今年夏天的H.I.F上
adv_csprt-3-0044_01.txt,应使用日式引号'『』'保持一致; 应使用日式引号'『』'保持一致,歌うアイドルには『覚悟』が必要。,作为演唱偶像需要「觉悟」。
adv_csprt-3-0044_01.txt,应使用日式引号'『』'保持一致; 应使用日式引号'『』'保持一致,『覚悟』……！,「觉悟」……！
adv_csprt-3-0044_03.txt,应使用日式引号'『』'保持一致; 应使用日式引号'『』'保持一致,（『Campus mode!!』が,（看来她们终于理解
adv_csprt-3-0045_03.txt,应使用书名号'《》'代替日式引号'『』',『Campus mode!!』って、,『Campus mode!!』这首曲子
adv_csprt-3-0046_01.txt,应使用日式引号'『』'保持一致; 应使用日式引号'『』'保持一致,私達に『Campus mode!!』の,能请您指导我们练习
adv_csprt-3-0046_02.txt,应使用日式引号'『』'保持一致,『一番星』になったあなたも,虽然我也很想看看
adv_csprt-3-0046_03.txt,应使用日式引号'『』'保持一致,『下級生に教えるんだから,「既然要教导后辈
adv_csprt-3-0046_03.txt,应使用日式引号'『』'保持一致,ちゃんと指摘できないとダメ』でしょ？,就必须好好指出问题」对吧？
adv_csprt-3-0047_01.txt,省略号应使用'……'而非'...',用意してるんですけど……,但是......
adv_csprt-3-0047_03.txt,省略号应使用'……'而非'...',味を変えるのも大変なのに……！,要调整口味应该很费功夫吧...！
adv_csprt-3-0050_03.txt,应使用日式引号'『』'保持一致; 应使用日式引号'『』'保持一致,『わたしたち、友達？』って。,那句「我们算是朋友吗？」。
adv_csprt-3-0050_03.txt,应使用日式引号'『』'保持一致; 应使用日式引号'『』'保持一致,『わたしたち、友達？』って。,那句「我们算是朋友吗？」。
adv_csprt-3-0051_03.txt,应使用日式引号'『』'保持一致,まあ、すぐに『一番星』に,嘛，我倒没指望
adv_dear_amao_003.txt,应使用日式引号'『』'保持一致; 应使用日式引号'『』'保持一致,そう簡単に、『可愛い』ボクを、,要让我立刻接受
adv_dear_amao_004.txt,应使用日式引号'『』'保持一致; 应使用日式引号'『』'保持一致,あなたの『カッコイイ』も――,"你的那份""帅气""——"
adv_dear_amao_006.txt,应使用日式引号'『』'保持一致,『キラキラ★アゲアゲ♪,《闪亮升级♪
adv_dear_amao_006.txt,应使用日式引号'『』'保持一致,　イケてるギャル嬢の盛り髪特集』,超in辣妹炸街发型特辑》
adv_dear_amao_008.txt,应使用日式引号'『』'保持一致; 应使用日式引号'『』'保持一致,ここは、全力で『可愛い』を演じて、,"这里是全力演绎""可爱""，"
adv_dear_amao_011.txt,应使用日式引号'『』'保持一致; 应使用日式引号'『』'保持一致,キミと一緒に、『FINALE』まで,我要和你一起
adv_dear_amao_011.txt,应使用日式引号'『』'保持一致; 应使用日式引号'『』'保持一致,『プリンス麻央イリュージョン』,我将其命名为
adv_dear_amao_012.txt,应使用日式引号'『』'保持一致; 应使用日式引号'『』'保持一致,あたし、『NEXT IDOL AUDITION』に,我决定参加
adv_dear_amao_012.txt,句末应使用句号'。'而非英文句点'.',『N.I.A』は一度経験してるからね。,我参加过《N.I.A》
adv_dear_amao_012.txt,应使用日式引号'『』'保持一致; 应使用日式引号'『』'保持一致,……あたしも『N.I.A』で競い合う,……前辈该不会忘了
adv_dear_amao_015.txt,应使用日式引号'『』'保持一致; 应使用日式引号'『』'保持一致,いよいよ『QUARTET』ですね。,终于要迎来《QUARTET》了呢。
adv_dear_amao_016.txt,应使用日式引号'『』'保持一致; 应使用日式引号'『』'保持一致,麻央さん。『QUARTET』トップ合格、,麻央小姐。恭喜你以第一名成绩
adv_dear_amao_017.txt,应使用日式引号'『』'保持一致,次の『H.I.F』は――,下次的《H.I.F》——
adv_dear_amao_018.txt,应使用日式引号'『』'保持一致; 应使用日式引号'『』'保持一致,次の『FINALE』でお前と戦うのは、,在下届《FINALE》舞台上与你对决的
adv_dear_amao_018.txt,应使用日式引号'『』'保持一致; 应使用日式引号'『』'保持一致,今回の『N.I.A』には,似乎并未登记在
adv_dear_amao_018.txt,应使用日式引号'『』'保持一致; 应使用日式引号'『』'保持一致,『FINALE』に出場するはずの連中は、,原本要参加《FINALE》的那些人
adv_dear_amao_018.txt,应使用日式引号'『』'保持一致; 应使用日式引号'『』'保持一致,『QUARTET』の合格者というだけで、,毕竟光是《QUARTET》合格者的头衔
adv_dear_amao_018.txt,应使用日式引号'『』'保持一致; 应使用日式引号'『』'保持一致,こんなイレギュラー、『N.I.A』の,这种违规行为应该向
adv_dear_amao_018.txt,应使用日式引号'『』'保持一致; 应使用日式引号'『』'保持一致,真の『FINALE』を。,真正的《FINALE》。
adv_dear_amao_020.txt,应使用日式引号'『』'保持一致; 应使用日式引号'『』'保持一致,『星の王子さま』の原題なんですよ。,就是《小王子》的原版书名哦。
adv_dear_fktn_004.txt,应使用日式引号'『』'保持一致; 应使用日式引号'『』'保持一致,アルバイト先に『休む』と連絡を。,给打工的地方打电话请假。
adv_dear_fktn_006.txt,应使用日式引号'『』'保持一致; 应使用日式引号'『』'保持一致,課題を出される前に『それ』を,能告诉我为什么在接到课题前
adv_dear_fktn_006.txt,应使用日式引号'『』'保持一致,誰よりも『一緒に仕事をしたい,那就以成为「最想共事的偶像」
adv_dear_fktn_006.txt,应使用日式引号'『』'保持一致,アイドル』を目指しましょう。,为目标吧。
adv_dear_fktn_007.txt,应使用日式引号'『』'保持一致; 应使用日式引号'『』'保持一致,藤田さん。ライブを『歌を聴かせる場』,藤田小姐。你觉得演唱会
adv_dear_fktn_008.txt,应使用日式引号'『』'保持一致; 应使用日式引号'『』'保持一致,誰かさんが『下手』だぁ～、って。,都怪某个家伙整天说我
adv_dear_fktn_008.txt,应使用日式引号'『』'保持一致; 应使用日式引号'『』'保持一致,世界が『藤田ことね』に,这就是世界发现
adv_dear_fktn_010.txt,省略号应使用'……'而非'...',まさか、H.I.Fのことですか！？,难道是H.I.F大赛吗！？
adv_dear_fktn_011.txt,应使用日式引号'『』'保持一致,今回はちょうど『H.I.F』に,但这次正好能赶上
adv_dear_fktn_011.txt,应使用日式引号'『』'保持一致; 应使用日式引号'『』'保持一致,エ～ト……あたしたち『N.I.A』対策の,那个……我们不是在讨论
adv_dear_fktn_011.txt,应使用日式引号'『』'保持一致; 应使用日式引号'『』'保持一致,これが『N.I.A』対策です。,这就是备战方案。
adv_dear_fktn_011.txt,应使用日式引号'『』'保持一致; 应使用日式引号'『』'保持一致,こと『銀行の人』だって思ってるよ～）,"您是""银行职员""啦～）"
adv_dear_fktn_011.txt,应使用日式引号'『』'保持一致; 应使用日式引号'『』'保持一致,（『家族への紹介』……,"（""正式介绍给家人""……"
adv_dear_fktn_014.txt,应使用日式引号'『』'保持一致; 应使用日式引号'『』'保持一致,『QUARTET』は……まさしく。,正是如此。
adv_dear_fktn_016.txt,应使用日式引号'『』'保持一致; 应使用日式引号'『』'保持一致,『N.I.A』ランキングが,"""N.I.A""排行榜"
adv_dear_fktn_017.txt,应使用日式引号'『』'保持一致; 应使用日式引号'『』'保持一致,『N.I.A』の優勝候補に躍り出た,"成为""N.I.A""夺冠热门的你，"
adv_dear_fktn_017.txt,应使用日式引号'『』'保持一致; 应使用日式引号'『』'保持一致,『N.I.A』に、961プロ所属の,听说961事务所旗下的
adv_dear_fktn_017.txt,应使用日式引号'『』'保持一致; 应使用日式引号'『』'保持一致,アイドルとしての輝かしい『格』を、,"作为偶像闪耀的""格调""，"
adv_dear_fktn_017.txt,应使用日式引号'『』'保持一致; 应使用日式引号'『』'保持一致,（もしも、ことねが『N.I.A』で,（如果琴音没有在
adv_dear_fktn_020.txt,应使用日式引号'『』'保持一致; 应使用日式引号'『』'保持一致,『よかった』じゃねーんだよ！,"才不是""太好了""呢！"
adv_dear_fktn_020.txt,应使用日式引号'『』'保持一致,きっと『H.I.F』では……,"在""H.I.F""的舞台上……"
adv_dear_fktn_020.txt,应使用日式引号'『』'保持一致; 应使用日式引号'『』'保持一致,『N.I.A』では、,"在""N.I.A""时期"
adv_dear_fktn_020.txt,应使用日式引号'『』'保持一致,『H.I.F』当日まで続けてください！,"保持到""H.I.F""当天！"
adv_dear_hrnm_010.txt,省略号应使用'……'而非'...',夏のH.I.Fを目指しましょう。,让我们以夏季H.I.F为目标吧。
adv_dear_hrnm_010.txt,省略号应使用'……'而非'...',もし、夏のH.I.Fで――,如果，在夏季H.I.F上——
adv_dear_hrnm_011.txt,应使用日式引号'『』'保持一致; 应使用日式引号'『』'保持一致,私が『NEXT IDOL AUDITION』に？,让我参加《NEXT IDOL AUDITION》？
adv_dear_hrnm_011.txt,应使用日式引号'『』'保持一致,はい。『N.I.A』は『H.I.F』の,是的。《N.I.A》是获得
adv_dear_hrnm_011.txt,应使用日式引号'『』'保持一致; 应使用日式引号'『』'保持一致,この『NEXT IDOL AUDITION』は――,这次《NEXT IDOL AUDITION》——
adv_dear_hrnm_011.txt,应使用日式引号'『』'保持一致,夏の『H.I.F』の切符を掴める、,可能是抓住夏季《H.I.F》参赛资格
adv_dear_hrnm_011.txt,应使用日式引号'『』'保持一致,『H.I.F』の出場は難しいかと。,恐怕很难参加《H.I.F》了。
adv_dear_hrnm_011.txt,应使用日式引号'『』'保持一致; 应使用日式引号'『』'保持一致,最終試験『FINALE』を,向最终试炼《FINALE》
adv_dear_hrnm_011.txt,应使用日式引号'『』'保持一致; 应使用日式引号'『』'保持一致,では早速ですが、『N.I.A』攻略の,那么现在立刻开始
adv_dear_hrnm_012.txt,应使用日式引号'『』'保持一致; 应使用日式引号'『』'保持一致,……なるほど。『N.I.A』の出場を,……原来如此。是为了备战
adv_dear_hrnm_012.txt,应使用日式引号'『』'保持一致; 应使用日式引号'『』'保持一致,会長は、『N.I.A』に,会长不参加
adv_dear_hrnm_012.txt,应使用日式引号'『』'保持一致,ええ。今回は次の『H.I.F』に,嗯。这次要专心
adv_dear_hrnm_012.txt,应使用日式引号'『』'保持一致; 应使用日式引号'『』'保持一致,『N.I.A』はファンを奪い合う、,那可是争夺粉丝的
adv_dear_hrnm_013.txt,应使用日式引号'『』'保持一致; 应使用日式引号'『』'保持一致,『Love☆しすたぁず』時代の,《Love☆Sisters》时期的
adv_dear_hrnm_013.txt,应使用日式引号'『』'保持一致; 应使用日式引号'『』'保持一致,私が『リナぽよ』だった頃の……,"是我当年扮演""莉娜噗哟""的时候……"
adv_dear_hrnm_014.txt,应使用日式引号'『』'保持一致; 应使用日式引号'『』'保持一致,いえ、姫崎莉波『お姉さん』と,"不对，应该称呼您为姬崎莉波""姐姐"""
adv_dear_hrnm_014.txt,应使用日式引号'『』'保持一致; 应使用日式引号'『』'保持一致,せっかく『N.I.A』を辞退しやすいよう,明明特意为你们铺好了
adv_dear_hrnm_015.txt,应使用日式引号'『』'保持一致; 应使用日式引号'『』'保持一致,いよいよ、『QUARTET』ですね。,终于到了《QUARTET》的舞台呢。
adv_dear_hrnm_015.txt,应使用日式引号'『』'保持一致; 应使用日式引号'『』'保持一致,へぇ、ちゃんと『QUARTET』まで,诶，你真的顺利晋级到
adv_dear_hrnm_015.txt,应使用日式引号'『』'保持一致; 应使用日式引号'『』'保持一致,『担当プロデューサーと熱愛中！？』,《与专属制作人热恋中！？》
adv_dear_hrnm_016.txt,应使用日式引号'『』'保持一致,次は『H.I.F』に向けて、,接下来要为《H.I.F》
adv_dear_hrnm_018.txt,应使用日式引号'『』'保持一致; 应使用日式引号'『』'保持一致,『N.I.A』の審査員のお歴々が、,「N.I.A」的评委大人们
adv_dear_hrnm_018.txt,应使用日式引号'『』'保持一致; 应使用日式引号'『』'保持一致,……『FINALE』に出場する,……「FINALE」的
adv_dear_hrnm_018.txt,应使用日式引号'『』'保持一致; 应使用日式引号'『』'保持一致,『FINALE』の出場予定者なら、,「FINALE」的预定参赛者
adv_dear_hrnm_018.txt,应使用日式引号'『』'保持一致; 应使用日式引号'『』'保持一致,きみと一緒に戦ってきた『N.I.A』で、,因为我想和你一起
adv_dear_hrnm_019.txt,应使用日式引号'『』'保持一致; 应使用日式引号'『』'保持一致,――『FINALE』優勝、,——恭喜获得
adv_dear_hrnm_020.txt,应使用日式引号'『』'保持一致; 应使用日式引号'『』'保持一致,『N.I.A』のお客さんをあてこんだ、,看来是街区祭典
adv_dear_hski_001.txt,应使用日式引号'『』'保持一致; 应使用日式引号'『』'保持一致,『このままでは負ける』と思っている。,正想着「这样下去会输的」。
adv_dear_hski_002.txt,省略号应使用'……'而非'...',H.I.Fで勝ち残り、,要在H.I.F中胜出
adv_dear_hski_008.txt,应使用日式引号'『』'保持一致; 应使用日式引号'『』'保持一致,咲季さんにとって『妹に勝つ』とは,"对咲季来说，""战胜妹妹"""
adv_dear_hski_010-01.txt,应使用日式引号'『』'保持一致; 应使用日式引号'『』'保持一致,まだ見ぬ『外』のライバルたち……,"那些未曾谋面的""外界""竞争对手……"
adv_dear_hski_012.txt,应使用日式引号'『』'保持一致; 应使用日式引号'『』'保持一致,『ファンが増えて喜ぶ咲季さん』の,可以上传《因粉丝增加而开心的咲季小姐》
adv_dear_hski_012.txt,应使用日式引号'『』'保持一致,ちゃんと『咲季さんは変なこと言って,给我好好说
adv_dear_hski_012.txt,应使用日式引号'『』'保持一致,ませんでした』って言いなさいよ！,"""咲季小姐没说奇怪的话""啊！"
adv_dear_hski_014.txt,应使用全角感叹号'！'而非半角'!',『SyngUp!』の元リーダーにして、,『SyngUp!』原队长
adv_dear_hski_014.txt,应使用日式引号'『』'保持一致; 应使用日式引号'『』'保持一致,『FINALE』で直接対決、,要在《FINALE》舞台正面对决对吧？
adv_dear_hski_015.txt,应使用日式引号'『』'保持一致; 应使用日式引号'『』'保持一致,『QUARTET』よ！！,《QUARTET》！！
adv_dear_hski_015.txt,应使用日式引号'『』'保持一致; 应使用日式引号'『』'保持一致,元3組にして、『いまの花海佑芽』を,曾是第三组，如今更是能击败
adv_dear_hski_018.txt,应使用日式引号'『』'保持一致; 应使用日式引号'『』'保持一致,『FINALE』です。,《FINALE》。
adv_dear_hski_020.txt,应使用日式引号'『』'保持一致; 应使用日式引号'『』'保持一致,『咲季様～』って。,"""咲季大人～""哦。"
adv_dear_hume_002.txt,应使用日式引号'『』'保持一致; 应使用日式引号'『』'保持一致,アイドルという『スポーツ競技』への,"是适应偶像这项""体育竞技""。"
adv_dear_hume_004.txt,应使用日式引号'『』'保持一致; 应使用日式引号'『』'保持一致,このアイドルという『競技』で、,"如果在这个叫偶像的""竞技""中，"
adv_dear_hume_004.txt,应使用日式引号'『』'保持一致; 应使用日式引号'『』'保持一致,どうすれば『咲季さんに勝った』と,要怎样才算
adv_dear_hume_004.txt,应使用日式引号'『』'保持一致; 应使用日式引号'『』'保持一致,お姉ちゃんに『負けた』って,让姐姐亲口说出
adv_dear_hume_005.txt,应使用日式引号'『』'保持一致; 应使用日式引号'『』'保持一致,――佑芽さん。今後『負けた』と,——佑芽小姐。从今以后
adv_dear_hume_005.txt,应使用日式引号'『』'保持一致; 应使用日式引号'『』'保持一致,『咲季さんに勝つ』以外の,而且是以「超越咲季小姐」之外
adv_dear_hume_005.txt,应使用日式引号'『』'保持一致; 应使用日式引号'『』'保持一致,『アイドルとして』最高の数値を持つ,我说过你拥有作为偶像
adv_dear_hume_008.txt,省略号应使用'……'而非'...',H.I.Fへの参加を確実なものに,为了确保能够参加H.I.F
adv_dear_hume_008.txt,省略号应使用'……'而非'...',はいっ！　H.I.Fは、,明白！H.I.F就是
adv_dear_hume_008.txt,省略号应使用'……'而非'...',H.I.Fは、咲季さんとの決戦の舞台。,H.I.F是你和咲季的决战舞台。
adv_dear_hume_009.txt,省略号应使用'……'而非'...',やっぱり、H.I.Fになりそうね。,果然还是要在H.I.F的舞台上了结呢。
adv_dear_hume_010-01.txt,应使用日式引号'『』'保持一致; 应使用日式引号'『』'保持一致,佑芽さんに『大好きなお姉ちゃん』,因为想给佑芽也安排个
adv_dear_hume_010-01.txt,应使用日式引号'『』'保持一致; 应使用日式引号'『』'保持一致,『大嫌いなライバル』なんて,"比如""最讨厌的对手""之类的"
adv_dear_hume_011.txt,应使用日式引号'『』'保持一致,次の勝負は『H.I.F』になるかと,本来以为下次对决要等到
adv_dear_hume_012.txt,应使用日式引号'『』'保持一致; 应使用日式引号'『』'保持一致,屈指の『数値』を誇るアイドルです。,首屈一指的数值型偶像。
adv_dear_hume_012.txt,应使用全角感叹号'！'而非半角'!',『SyngUp!』の元リーダー,『SyngUp!』的原队长
adv_dear_hume_012.txt,应使用日式引号'『』'保持一致; 应使用日式引号'『』'保持一致,『FINALE』で直接対決、,在《FINALE》里要和我
adv_dear_hume_013.txt,应使用日式引号'『』'保持一致; 应使用日式引号'『』'保持一致,アイドルとして『圧倒的な数値』を,先获得作为偶像的
adv_dear_hume_013.txt,应使用日式引号'『』'保持一致; 应使用日式引号'『』'保持一致,彼女の実力は『N.I.A』を経て……,"她经过""N.I.A""历练后的实力……"
adv_dear_hume_013.txt,应使用日式引号'『』'保持一致; 应使用日式引号'『』'保持一致,『成長した花海佑芽』と,"我觉得已经和""成长后的花海佑芽"""
adv_dear_hume_013.txt,应使用日式引号'『』'保持一致; 应使用日式引号'『』'保持一致,あれほどの『数値』を積めば、いかに,"只要积累到那种程度的""数值""，"
adv_dear_hume_016.txt,应使用日式引号'『』'保持一致; 应使用日式引号'『』'保持一致,御社は『プロデューサー』を,贵社根本就没有
adv_dear_hume_016.txt,应使用日式引号'『』'保持一致; 应使用日式引号'『』'保持一致,『プロデューサー』の肩書が、,"""制作人""这个头衔"
adv_dear_hume_018.txt,应使用日式引号'『』'保持一致; 应使用日式引号'『』'保持一致,『FINALE』です。,《FINALE》。
adv_dear_hume_020.txt,应使用日式引号'『』'保持一致; 应使用日式引号'『』'保持一致,……『N.I.A』を通して、,"……通过""N.I.A""赛事，"
adv_dear_hume_020.txt,应使用日式引号'『』'保持一致; 应使用日式引号'『』'保持一致,その上で……『N.I.A』で優勝し、,"在此基础上……在""N.I.A""夺冠，"
adv_dear_hume_020.txt,应使用日式引号'『』'保持一致,『H.I.F』で優勝して、,"在""H.I.F""夺冠，"
adv_dear_jsna_001.txt,应使用日式引号'『』'保持一致; 应使用日式引号'『』'保持一致,『一握りの頂点』ではなく、,"不是""一握之巅"""
adv_dear_jsna_001.txt,应使用日式引号'『』'保持一致; 应使用日式引号'『』'保持一致,『世界一のアイドル』のみが――,"而是唯有""世界第一偶像""才——"
adv_dear_jsna_001.txt,应使用日式引号'『』'保持一致; 应使用日式引号'『』'保持一致,代わりに、私の『新しい夢』を,不过可以告诉你
adv_dear_jsna_002.txt,省略号应使用'……'而非'...',昨年度、H.I.Fで優勝し,自从去年在H.I.F夺冠
adv_dear_jsna_007.txt,应使用日式引号'『』'保持一致; 应使用日式引号'『』'保持一致,なにが『というわけ』なのか、,完全不明白「就是这样」
adv_dear_jsna_007.txt,应使用日式引号'『』'保持一致; 应使用日式引号'『』'保持一致,相応しい『場』を設けなくては。,必须准备相称的「舞台」才行。
adv_dear_jsna_007.txt,"应使用全角逗号'，'而非半角','",新しい私の姿を、ときに無様な姿を、,"将那个崭新的自己,连同偶尔的狼狈模样,"
adv_dear_jsna_007.txt,"应使用全角逗号'，'而非半角','",あなたは去年『一番星』になってから、,"自从去年成为『一番星』后,"
adv_dear_jsna_007.txt,应使用日式引号'『』'保持一致; 应使用日式引号'『』'保持一致,『がんばってください』……と。,「请加油」……
adv_dear_jsna_007.txt,应使用日式引号'『』'保持一致; 应使用日式引号'『』'保持一致,『かわいいです』……と。,「好可爱」……这样对我说。
adv_dear_jsna_008.txt,应使用日式引号'『』'保持一致; 应使用日式引号'『』'保持一致,『トップアイドル』を,升华成为
adv_dear_jsna_009.txt,应使用日式引号'『』'保持一致; 应使用日式引号'『』'保持一致,『最上位の偶像』に,向世人展现了……
adv_dear_jsna_011.txt,应使用日式引号'『』'保持一致; 应使用日式引号'『』'保持一致,星南さん……『次に来るアイドル』の,星南小姐……您作为现在被称为顶级偶像的人
adv_dear_jsna_011.txt,应使用日式引号'『』'保持一致; 应使用日式引号'『』'保持一致,『軽く蹴散らしてしまいましょう』,"""轻松击溃就行了吧"""
adv_dear_jsna_012.txt,应使用日式引号'『』'保持一致; 应使用日式引号'『』'保持一致,大会の最終日を飾る『FINALE』の,作为大赛压轴环节的《FINALE》
adv_dear_jsna_012.txt,应使用日式引号'『』'保持一致; 应使用日式引号'『』'保持一致,おそらく『FINALE』の,预计会在《FINALE》的
adv_dear_jsna_012.txt,应使用日式引号'『』'保持一致; 应使用日式引号'『』'保持一致,私たちとは別に『N.I.A』の優勝者が,也就是说除了我们之外，
adv_dear_jsna_012.txt,应使用日式引号'『』'保持一致; 应使用日式引号'『』'保持一致,『いまから学ぶことには意味がある』,"""现在开始学习才有意义"""
adv_dear_jsna_013.txt,应使用日式引号'『』'保持一致; 应使用日式引号'『』'保持一致,ことね、あなたにも……『N.I.A』に,琴音，我希望你……
adv_dear_jsna_014.txt,应使用日式引号'『』'保持一致; 应使用日式引号'『』'保持一致,『いままでとは違う方法』で、です。,"用""与以往不同的方法""来特训。"
adv_dear_jsna_015.txt,应使用日式引号'『』'保持一致; 应使用日式引号'『』'保持一致,――『QUARTET』。,"——""QUARTET""。"
adv_dear_jsna_015.txt,应使用日式引号'『』'保持一致; 应使用日式引号'『』'保持一致,あなたも出るのよ、『QUARTET』に。,"你也要参加""QUARTET""哦。"
adv_dear_jsna_015.txt,应使用日式引号'『』'保持一致; 应使用日式引号'『』'保持一致,『私の目的』を果たすために、,"为了实现""我的目标""，"
adv_dear_jsna_015.txt,应使用日式引号'『』'保持一致; 应使用日式引号'『』'保持一致,それが『N.I.A』のルールだもの。,"这就是""N.I.A""的规则啊。"
adv_dear_jsna_015.txt,应使用日式引号'『』'保持一致; 应使用日式引号'『』'保持一致,『QUARTET』があなたたちの墓場です！,"""QUARTET""将成为你们的坟墓！"
adv_dear_jsna_017.txt,应使用日式引号'『』'保持一致; 应使用日式引号'『』'保持一致,『千奈ちゃん』の知名度は、,"""千奈酱""的知名度"
adv_dear_jsna_017.txt,应使用日式引号'『』'保持一致; 应使用日式引号'『』'保持一致,観客票が審査に影響する『N.I.A』では、,"在观众投票影响评分的""N.I.A""比赛里"
adv_dear_jsna_018.txt,应使用日式引号'『』'保持一致; 应使用日式引号'『』'保持一致,違うわね。私は『担当アイドル』の,不是哦。我是在担心
adv_dear_jsna_018.txt,应使用日式引号'『』'保持一致; 应使用日式引号'『』'保持一致,『N.I.A』の優勝者を,我提前叫来了
adv_dear_jsna_019.txt,应使用日式引号'『』'保持一致; 应使用日式引号'『』'保持一致,あたしだけ『FINALE』にも,只有我没能参加
adv_dear_jsna_019.txt,应使用日式引号'『』'保持一致; 应使用日式引号'『』'保持一致,きっちり『FINALE』に、,你们可是堂堂正正
adv_dear_jsna_019.txt,应使用日式引号'『』'保持一致,ここにいる全員、『H.I.F』で,在场的所有人可都
adv_dear_jsna_020.txt,应使用日式引号'『』'保持一致; 应使用日式引号'『』'保持一致,『NEXT IDOL AUDITION』……,《NEXT IDOL AUDITION》……
adv_dear_jsna_020.txt,句末应使用句号'。'而非英文句点'.',さて……『N.I.A』が終わって。,那么……《N.I.A》结束后
adv_dear_jsna_020.txt,应使用日式引号'『』'保持一致,まずは迫る『H.I.F』に向けて、,首先为了即将到来的《H.I.F》
adv_dear_jsna_020.txt,应使用日式引号'『』'保持一致; 应使用日式引号'『』'保持一致,続いて……『今後の方針』については、,接下来关于《今后方针》……
adv_dear_jsna_020.txt,应使用日式引号'『』'保持一致,もちろん『H.I.F』での優勝です。,在《H.I.F》中夺冠。
adv_dear_kcna_001.txt,应使用日式引号'『』'保持一致; 应使用日式引号'『』'保持一致,（本邦有数の大財閥『倉本グループ』）,"（日本屈指可数的财阀""仓本集团""）"
adv_dear_kcna_003.txt,省略号应使用'……'而非'...',倉本千奈を、今夏のH.I.Fで,命令你在今夏的H.I.F将仓本千奈
adv_dear_kcna_003.txt,省略号应使用'……'而非'...',しかも今夏のH.I.Fは、,而且今年夏天的H.I.F
adv_dear_kcna_003.txt,省略号应使用'……'而非'...',H.I.Fの参加権を得るため、,为了获得H.I.F参赛资格，
adv_dear_kcna_003.txt,省略号应使用'……'而非'...',今年のH.I.Fに参加させません。,参加今年的H.I.F。
adv_dear_kcna_004.txt,应使用日式引号'『』'保持一致; 应使用日式引号'『』'保持一致,軽い気持ちで『アイドルになりたい』,轻描淡写说出
adv_dear_kcna_004.txt,应使用日式引号'『』'保持一致; 应使用日式引号'『』'保持一致,……『親切な人だった』とは？,"为什么说是""体贴的人""？"
adv_dear_kcna_007.txt,应使用日式引号'『』'保持一致; 应使用日式引号'『』'保持一致,『私よりも目立つな』って――,"""别比我显眼""——"
adv_dear_kcna_007.txt,省略号应使用'……'而非'...',H.I.Fに参加し、先生の解雇を防ぐ,因为参加H.I.F是
adv_dear_kcna_007.txt,省略号应使用'……'而非'...',大丈夫。H.I.Fに参加せずとも、,没关系。就算不参加H.I.F，
adv_dear_kcna_008.txt,应使用日式引号'『』'保持一致; 应使用日式引号'『』'保持一致,最初から『半年でクビになる』,其实您从一开始就做好了
adv_dear_kcna_008.txt,应使用日式引号'『』'保持一致; 应使用日式引号'『』'保持一致,『当然のことです』でしょう？　,"""是理所当然的事""对吧？"
adv_dear_kcna_010-01.txt,应使用日式引号'『』'保持一致,ええと……『961式プロデュース術、,呃……《961式偶像培养术，
adv_dear_kcna_010-01.txt,应使用日式引号'『』'保持一致,その功罪と適切な運用について』……？,其功过与正确运用方法》……？
adv_dear_kcna_011.txt,应使用日式引号'『』'保持一致,極月学園と同じく『豊富な資金力を活用,和极月学园一样采用
adv_dear_kcna_011.txt,应使用日式引号'『』'保持一致; 应使用日式引号'『』'保持一致,そう……今回はこちらも『N.I.A』と,没错……这次我们也使用
adv_dear_kcna_012.txt,应使用日式引号'『』'保持一致; 应使用日式引号'『』'保持一致,千奈、わたしと『N.I.A』ランキングの,千奈，我们来互相看看
adv_dear_kcna_013.txt,应使用日式引号'『』'保持一致; 应使用日式引号'『』'保持一致,はいっ！　『N.I.A』ランキングを,是的！我们经常互相比较
adv_dear_kcna_013.txt,应使用日式引号'『』'保持一致; 应使用日式引号'『』'保持一致,『FINALE』ですわね！,是《FINALE》对吧！
adv_dear_kcna_013.txt,应使用日式引号'『』'保持一致; 应使用日式引号'『』'保持一致,胸を張って『FINALE』での,我要昂首挺胸地
adv_dear_kcna_016.txt,应使用日式引号'『』'保持一致; 应使用日式引号'『』'保持一致,わたくし、『N.I.A』を制覇して、,"我一定要称霸""N.I.A"""
adv_dear_kcna_017.txt,应使用日式引号'『』'保持一致; 应使用日式引号'『』'保持一致,『FINALE』で！,在《FINALE》见！
adv_dear_kcna_018.txt,应使用日式引号'『』'保持一致; 应使用日式引号'『』'保持一致,『FINALE』です。,《FINALE》。
adv_dear_kcna_018.txt,应使用日式引号'『』'保持一致; 应使用日式引号'『』'保持一致,今日、『FINALE』に,今天参加《FINALE》的
adv_dear_kcna_020.txt,应使用日式引号'『』'保持一致,今大会中、あなたは準『一番星』と,本次赛事中，你几乎称得上是
adv_dear_kcna_020.txt,应使用日式引号'『』'保持一致; 应使用日式引号'『』'保持一致,『本来の実力』とは――,"所谓""真正实力""——"
adv_dear_kllj_018.txt,应使用日式引号'『』'保持一致; 应使用日式引号'『』'保持一致,『FINALE』です。,《FINALE》。
adv_dear_shro_003.txt,应使用日式引号'『』'保持一致; 应使用日式引号'『』'保持一致,『先週よりも健康になる』こと。,"""要比上周更健康""。"
adv_dear_shro_003.txt,应使用日式引号'『』'保持一致; 应使用日式引号'『』'保持一致,『立てるようになる』こと。,"""要学会站立""。"
adv_dear_shro_003.txt,应使用日式引号'『』'保持一致; 应使用日式引号'『』'保持一致,『腕立て伏せを10回しろ』って,"下达""做十个俯卧撑""这种"
adv_dear_shro_003.txt,应使用日式引号'『』'保持一致; 应使用日式引号'『』'保持一致,『担当アイドルを深く理解する』……,"""要深入了解负责的偶像""……"
adv_dear_shro_006.txt,应使用日式引号'『』'保持一致; 应使用日式引号'『』'保持一致,『体重を少しでも増やす』こと。,"""尽量增加体重""。"
adv_dear_shro_006.txt,应使用日式引号'『』'保持一致; 应使用日式引号'『』'保持一致,『歩けるようになる』こと。,"""学会正常走路""。"
adv_dear_shro_006.txt,应使用日式引号'『』'保持一致; 应使用日式引号'『』'保持一致,わたしのは『アイドルの歩行』,我说的不是
adv_dear_shro_009.txt,应使用日式引号'『』'保持一致; 应使用日式引号'『』'保持一致,篠澤さんの『アイドルの才能』に,关于篠泽小姐的
adv_dear_shro_011.txt,应使用日式引号'『』'保持一致; 应使用日式引号'『』'保持一致,『FINALE』の参加条件を,需要先满足
adv_dear_shro_012.txt,应使用日式引号'『』'保持一致; 应使用日式引号'『』'保持一致,あくまで『いちアイドルのファン活動』,至少将活动维持在
adv_dear_shro_013.txt,应使用日式引号'『』'保持一致; 应使用日式引号'『』'保持一致,『FINALE』で、優勝する。,在《FINALE》上夺冠。
adv_dear_shro_013.txt,应使用日式引号'『』'保持一致; 应使用日式引号'『』'保持一致,花海さんも、あなたも、『N.I.A』で,无论是花海同学，还是你，
adv_dear_shro_014.txt,应使用日式引号'『』'保持一致; 应使用日式引号'『』'保持一致,千奈ちゃんも『N.I.A』に,千奈也参加
adv_dear_shro_015.txt,应使用日式引号'『』'保持一致; 应使用日式引号'『』'保持一致,『QUARTET』。,《QUARTET》。
adv_dear_shro_018.txt,应使用日式引号'『』'保持一致; 应使用日式引号'『』'保持一致,『FINALE』です。,《FINALE》。
adv_dear_shro_018.txt,应使用日式引号'『』'保持一致,『すごいな。本当に勝って,"我想的是""太厉害了"
adv_dear_shro_018.txt,应使用日式引号'『』'保持一致,しまったぞ』と、思いました。,"居然真的赢了""。"
adv_dear_shro_020.txt,应使用日式引号'『』'保持一致; 应使用日式引号'『』'保持一致,『篠澤広はアイドルになれる』って。,"""篠泽广能成为偶像""。"
adv_dear_shro_020.txt,应使用日式引号'『』'保持一致; 应使用日式引号'『』'保持一致,『アイドルの才能がある』って……,"也没说""她有偶像的才能""……"
adv_dear_shro_020.txt,应使用日式引号'『』'保持一致; 应使用日式引号'『』'保持一致,『ない』であろうものを『ある』とは,不存在的东西
adv_dear_shro_020.txt,应使用日式引号'『』'保持一致; 应使用日式引号'『』'保持一致,彼女が『趣味で友達に勝つ』,"她""在兴趣上胜过朋友""这件事，"
adv_dear_shro_020.txt,应使用日式引号'『』'保持一致,以前……『あなたは俺の夢の役には,以前……你说过
adv_dear_shro_020.txt,应使用日式引号'『』'保持一致,立たない』と、そう言いましたね。,"""你对实现我的梦想毫无用处""对吧。"
adv_dear_ssmk_013.txt,应使用日式引号'『』'保持一致; 应使用日式引号'『』'保持一致,『N.I.A』の運営に取り入って、,"说她和""N.I.A""运营方勾结"
adv_dear_ssmk_014.txt,应使用日式引号'『』'保持一致; 应使用日式引号'『』'保持一致,『N.I.A』ランキング急上昇中の,但只要瞄准那些嫉妒
adv_dear_ssmk_017.txt,应使用日式引号'『』'保持一致; 应使用日式引号'『』'保持一致,『FINALE』ですよ。,是《FINALE》哦。
adv_dear_ssmk_017.txt,应使用日式引号'『』'保持一致; 应使用日式引号'『』'保持一致,『FINALE』で待ってるなんて……,"""在《FINALE》等着""这种话……"
adv_dear_ssmk_018.txt,应使用日式引号'『』'保持一致; 应使用日式引号'『』'保持一致,先の言葉通り、『FINALE』の参加資格を,正如我之前所说，恭喜你获得了
adv_dear_ttmr_001.txt,应使用日式引号'『』'保持一致; 应使用日式引号'『』'保持一致,（『いまの私』をスカウトしよう,（除了他也不会有人想招募
adv_dear_ttmr_004.txt,应使用全角感叹号'！'而非半角'!'; 应使用日式引号'『』'保持一致; 应使用日式引号'『』'保持一致,『SyngUp!』。,叫《SyngUp!》。
adv_dear_ttmr_004.txt,应使用全角感叹号'！'而非半角'!'; 应使用日式引号'『』'保持一致; 应使用日式引号'『』'保持一致,『SyngUp!』の中で、,在《SyngUp!》里，
adv_dear_ttmr_004.txt,应使用全角感叹号'！'而非半角'!',確かに『SyngUp!』の,确实自从『SyngUp!』
adv_dear_ttmr_007.txt,应使用全角感叹号'！'而非半角'!'; 应使用日式引号'『』'保持一致; 应使用日式引号'『』'保持一致,『SyngUp!』の映像は、,《SyngUp!》的影像
adv_dear_ttmr_007.txt,应使用日式引号'『』'保持一致; 应使用日式引号'『』'保持一致,『SyngUp!』を、,要不要来
adv_dear_ttmr_008.txt,应使用日式引号'『』'保持一致; 应使用日式引号'『』'保持一致,『SyngUp!』を、,要不要来担任
adv_dear_ttmr_008.txt,应使用日式引号'『』'保持一致; 应使用日式引号'『』'保持一致,『SyngUp!』の,意思是……希望我协助
adv_dear_ttmr_008.txt,应使用全角感叹号'！'而非半角'!'; 应使用日式引号'『』'保持一致; 应使用日式引号'『』'保持一致,『SyngUp!』解散から,《SyngUp!》解散后
adv_dear_ttmr_008.txt,应使用日式引号'『』'保持一致; 应使用日式引号'『』'保持一致,『SyngUp!』の再結成に,希望他能协助
adv_dear_ttmr_009.txt,应使用日式引号'『』'保持一致; 应使用日式引号'『』'保持一致,『SyngUp!』を,您是不是……
adv_dear_ttmr_011.txt,应使用全角感叹号'！'而非半角'!'; 应使用日式引号'『』'保持一致; 应使用日式引号'『』'保持一致,『SyngUp!』の元リーダー、,《SyngUp!》的前任队长
adv_dear_ttmr_011.txt,应使用日式引号'『』'保持一致; 应使用日式引号'『』'保持一致,『NEXT IDOL AUDITION』です。,是《NEXT IDOL AUDITION》。
adv_dear_ttmr_011.txt,应使用日式引号'『』'保持一致; 应使用日式引号'『』'保持一致,『NEXT IDOL AUDITION』に出場,就是为了让她参加
adv_dear_ttmr_011.txt,应使用全角感叹号'！'而非半角'!'; 应使用日式引号'『』'保持一致; 应使用日式引号'『』'保持一致,『SyngUp!』のメンバーが目標にして,《SyngUp!》成员们作为目标的偶像·
adv_dear_ttmr_011.txt,应使用全角感叹号'！'而非半角'!'; 应使用日式引号'『』'保持一致; 应使用日式引号'『』'保持一致,『SyngUp!』解散後、彼女が,听说《SyngUp!》解散后，
adv_dear_ttmr_011.txt,应使用全角感叹号'！'而非半角'!'; 应使用日式引号'『』'保持一致; 应使用日式引号'『』'保持一致,元『SyngUp!』が、,曾经的《SyngUp!》成员
adv_dear_ttmr_012.txt,应使用日式引号'『』'保持一致; 应使用日式引号'『』'保持一致,『N.I.A』ランキングを,来提升
adv_dear_ttmr_012.txt,应使用日式引号'『』'保持一致; 应使用日式引号'『』'保持一致,『ちょっぴり』ではないですね。,"这可不叫""稍微""啊。"
adv_dear_ttmr_014.txt,应使用日式引号'『』'保持一致; 应使用日式引号'『』'保持一致,『FINALE』の優勝は譲ってあげる。,《FINALE》的冠军就让给你们好了。
adv_dear_ttmr_014.txt,应使用全角感叹号'！'而非半角'!',（SyngUp!の元リーダー……,（SyngUp!的前任领队……
adv_dear_ttmr_014.txt,应使用全角感叹号'！'而非半角'!'; 应使用日式引号'『』'保持一致; 应使用日式引号'『』'保持一致,『SyngUp!』時代からのファンには、,《SyngUp!》时期的老粉们
adv_dear_ttmr_015.txt,应使用日式引号'『』'保持一致; 应使用日式引号'『』'保持一致,『QUARTET』。,《QUARTET》。
adv_dear_ttmr_015.txt,应使用全角感叹号'！'而非半角'!'; 应使用日式引号'『』'保持一致; 应使用日式引号'『』'保持一致,『SyngUp!』が解散した、当時の話を。,《SyngUp!》解散时的往事。
adv_dear_ttmr_015.txt,应使用全角感叹号'！'而非半角'!'; 应使用日式引号'『』'保持一致; 应使用日式引号'『』'保持一致,『SyngUp!』解散を……,《SyngUp!》解散风波中……
adv_dear_ttmr_015.txt,应使用日式引号'『』'保持一致; 应使用日式引号'『』'保持一致,私を『いい人』みたいに言うの、,别把我说的像个好人似的，
adv_dear_ttmr_015.txt,应使用全角感叹号'！'而非半角'!'; 应使用日式引号'『』'保持一致; 应使用日式引号'『』'保持一致,最悪の形で『SyngUp!』は終わった。,《SyngUp!》以最糟糕的方式结束了。
adv_dear_ttmr_017.txt,应使用日式引号'『』'保持一致; 应使用日式引号'『』'保持一致,『私たちの約束』を破ったよね！？,"违背了""我们的约定""对吧！？"
adv_dear_ttmr_017.txt,应使用全角感叹号'！'而非半角'!',『SyngUp!』を結成するときにした,还记得成立『SyngUp!』时
adv_dear_ttmr_017.txt,应使用日式引号'『』'保持一致; 应使用日式引号'『』'保持一致,『FINALE』の枠に、,得给家里的笨蛋
adv_dear_ttmr_018.txt,应使用日式引号'『』'保持一致; 应使用日式引号'『』'保持一致,『FINALE』で勝負する約束を,约好要在《FINALE》
adv_dear_ttmr_018.txt,应使用日式引号'『』'保持一致; 应使用日式引号'『』'保持一致,『FINALE』に出られるかどうか。,登上《FINALE》舞台。
adv_dear_ttmr_018.txt,应使用日式引号'『』'保持一致; 应使用日式引号'『』'保持一致,『今日』の反響を待ちましょう。,先观望今天的数据反馈吧。
adv_dear_ttmr_018.txt,应使用日式引号'『』'保持一致; 应使用日式引号'『』'保持一致,『FINALE』に！,《FINALE》！
adv_dear_ttmr_019.txt,应使用日式引号'『』'保持一致,次は『H.I.F』で負かしてやる。,下次就在《H.I.F》上打败你。
adv_dear_ttmr_019.txt,应使用日式引号'『』'保持一致,次の『H.I.F』では、私が挑戦者です。,下次《H.I.F》，我才是挑战者。
adv_dear_ttmr_020.txt,应使用全角感叹号'！'而非半角'!',『SyngUp!』を結成した理由）,当初成立『SyngUp!』的理由）
adv_event_002_main-01.txt,应使用日式引号'『』'保持一致; 应使用日式引号'『』'保持一致,『も』ってことは――,"你说""也""——"
adv_event_002_main-04.txt,应使用日式引号'『』'保持一致; 应使用日式引号'『』'保持一致,『大変なこと』なのでしょうか？,"""不得了的事""吗？"
adv_event_005_main-03.txt,应使用全角感叹号'！'而非半角'!',元『SyngUp!』のメンバーから,我打算从原『SyngUp!』的成员中
adv_event_005_main-03.txt,应使用全角感叹号'！'而非半角'!',『SyngUp!』は……その……,『SyngUp!』那个…………怎么说呢…………
adv_event_005_main-03.txt,应使用全角感叹号'！'而非半角'!',『SyngUp!』からひとりを選ぶなら、,但如果要从『SyngUp!』选一人，
adv_event_005_main-03.txt,应使用日式引号'『』'保持一致; 应使用日式引号'『』'保持一致,あの『燐羽様』には、根強い固定ファン,"虽然那位""燐羽大人""有着"
adv_event_005_main-03.txt,应使用全角感叹号'！'而非半角'!',加えて、『SyngUp!』の中で唯一、,而且她还是『SyngUp!』里唯一
adv_event_006_main-05.txt,应使用日式引号'『』'保持一致; 应使用日式引号'『』'保持一致,『初星温泉　～木枯らしに散る～』,欢迎光临
adv_event_006_main-05.txt,应使用日式引号'『』'保持一致; 应使用日式引号'『』'保持一致,『すべてこちらがお世話する』,"虽然""全程由我们负责接待"""
adv_event_006_main-05.txt,应使用日式引号'『』'保持一致,『まるで王様になったような,「简直像当上了国王一样
adv_event_006_main-05.txt,应使用日式引号'『』'保持一致,　気分だったよ。』,　心情超棒。」
adv_event_006_main-05.txt,应使用日式引号'『』'保持一致,『マッサージ痛気持ちよかった。,「按摩又痛又舒服。
adv_event_006_main-05.txt,应使用日式引号'『』'保持一致,　ちなっちのお菓子サイコー！』,　千奈亲的零食太赞了！」
adv_event_008_main-01.txt,应使用日式引号'『』'保持一致; 应使用日式引号'『』'保持一致,『アイドルの仕事』、だよな。,"是""偶像的工作""对吧"
adv_event_008_main-01.txt,应使用日式引号'『』'保持一致,わたしが次の『一番星』だって、,然后告诉大家
adv_event_008_main-01.txt,应使用日式引号'『』'保持一致,こうして次代の『一番星』が,正因为聚集了三位
adv_event_008_main-01.txt,应使用日式引号'『』'保持一致; 应使用日式引号'『』'保持一致,『わたしたちの歌が聴きたい』って,必须让他们产生
adv_event_008_main-02.txt,应使用全角感叹号'！'而非半角'!'; 应使用日式引号'『』'保持一致; 应使用日式引号'『』'保持一致,『SyngUp!』のときから応援してて……,从《SyngUp!》时期就一直支持您……
adv_event_008_main-02.txt,应使用全角感叹号'！'而非半角'!'; 应使用日式引号'『』'保持一致; 应使用日式引号'『』'保持一致,『SyngUp!』のステージ、,《SyngUp!》的演出
adv_event_010_main-01.txt,应使用日式引号'『』'保持一致; 应使用日式引号'『』'保持一致,『洋菓子大全』,《西式糕点大全》
adv_event_010_main-01.txt,应使用日式引号'『』'保持一致; 应使用日式引号'『』'保持一致,『プロフェッショナルの技法』……,《专业技法》……
adv_event_010_main-05.txt,省略号应使用'……'而非'...',高麗人参とか、マムシの粉とか……,高丽参、蝮蛇粉之类的...
adv_event_010_main-05.txt,省略号应使用'……'而非'...',大事に食べるね……ん？,我会珍惜地享用的...嗯？
adv_event_012_main-02.txt,应使用日式引号'『』'保持一致; 应使用日式引号'『』'保持一致,『頑張った』っていう免罪符が欲しい,"如果只是想要""努力过了""的免罪符"
adv_event_013_main-04.txt,应使用日式引号'『』'保持一致,去年の『H.I.F』――,去年的《H.I.F》——
adv_event_013_main-04.txt,应使用日式引号'『』'保持一致,憧れで在り続けることは、『一番星』に,持续保持被憧憬的状态
adv_event_013_main-04.txt,应使用日式引号'『』'保持一致,誰もが憧れる、『一番星』に,明明已经成为了让所有人
adv_event_013_main-04.txt,应使用日式引号'『』'保持一致,ふっ、『H.I.F』で、必ず貴様を,"呵，在说一定要在""H.I.F"""
adv_event_013_main-05.txt,应使用日式引号'『』'保持一致,次の『H.I.F』、完璧な貴様と,"接下来的""H.I.F"""
adv_event_013_main-05.txt,应使用日式引号'『』'保持一致,私の後輩たちが、『H.I.F』で活躍,希望我的后辈们
adv_event_013_main-05.txt,应使用日式引号'『』'保持一致,それから、『H.I.F』で優勝して、,"还有在""H.I.F""夺冠"
adv_event_013_main-05.txt,应使用日式引号'『』'保持一致,次の『H.I.F』までに、十王星南が,"希望在下届""H.I.F""前"
adv_event_013_main-05.txt,应使用日式引号'『』'保持一致,次の『H.I.F』、私の全力を尽くして、,"下一届""H.I.F"""
adv_pevent_001_amao_school_005.txt,应使用日式引号'『』'保持一致; 应使用日式引号'『』'保持一致,次のうち『もうあとがない』という,下列选项中表达
adv_pevent_001_amao_school_007.txt,应使用日式引号'『』'保持一致; 应使用日式引号'『』'保持一致,バリツが登場した『空き家の冒険』は,出现巴流术的《空屋历险记》
adv_pevent_001_amao_school_009.txt,应使用日式引号'『』'保持一致; 应使用日式引号'『』'保持一致,ちなみに科白劇は『かはくげき』,"顺便一提，""科白剧"""
adv_pevent_001_fktn_school_005.txt,应使用日式引号'『』'保持一致; 应使用日式引号'『』'保持一致,『名将言行録』という本では、,《名将言行录》这本书里记载的
adv_pevent_001_hrnm_school_008.txt,应使用日式引号'『』'保持一致; 应使用日式引号'『』'保持一致,答えは『折れない』だ。,"正确答案是""折不了""。"
adv_pevent_001_hski_school_006.txt,应使用日式引号'『』'保持一致; 应使用日式引号'『』'保持一致,一番星は別名『宵の明星』といって、,"长庚星又名""黄昏之星""，"
adv_pevent_001_hski_school_006.txt,应使用日式引号'『』'保持一致; 应使用日式引号'『』'保持一致,ちなみに『明けの明星』も金星。,"顺便告诉你，""启明星""也是金星哦。"
adv_pevent_001_hski_school_006.txt,应使用日式引号'『』'保持一致; 应使用日式引号'『』'保持一致,一番星は別名『宵の明星』といって、,"长庚星又名""黄昏之星""，"
adv_pevent_001_hski_school_006.txt,应使用日式引号'『』'保持一致; 应使用日式引号'『』'保持一致,一番星は別名『宵の明星』といって、,"长庚星又名""黄昏之星""，"
adv_pevent_001_hski_school_007.txt,应使用日式引号'『』'保持一致; 应使用日式引号'『』'保持一致,ビタミンB2は『発育のビタミン』とも,"维生素B2也被称为""成长维生素"""
adv_pevent_001_hski_school_007.txt,应使用日式引号'『』'保持一致; 应使用日式引号'『』'保持一致,ビタミンB2は『発育のビタミン』とも,"维生素B2也被称为""成长维生素"""
adv_pevent_001_hski_school_007.txt,应使用日式引号'『』'保持一致; 应使用日式引号'『』'保持一致,ビタミンB2は『発育のビタミン』とも,"维生素B2也被称为""成长维生素"""
adv_pevent_001_hski_school_008.txt,应使用日式引号'『』'保持一致; 应使用日式引号'『』'保持一致,ちなみにこの遺言は『五か条の訓戒』,顺便一提，这个遗言被称为《五条训诫》，
adv_pevent_001_hski_school_008.txt,应使用日式引号'『』'保持一致; 应使用日式引号'『』'保持一致,『風林火山』の由来となった人物だ。,"他是""风林火山""的出处人物。"
adv_pevent_001_hume_school_005.txt,应使用日式引号'『』'保持一致,すこし奇妙ですが、『N極に向かって,虽然有点奇怪——假设有人对你说
adv_pevent_001_hume_school_005.txt,应使用日式引号'『』'保持一致,歩け』と言われたとします。,"""请朝着N极方向走""。"
adv_pevent_001_hume_school_006.txt,应使用日式引号'『』'保持一致; 应使用日式引号'『』'保持一致,答えは『リズムに乗るため』です。,正确答案是「为了跟上节奏」。
adv_pevent_001_hume_school_006.txt,应使用日式引号'『』'保持一致; 应使用日式引号'『』'保持一致,答えは『リズムに乗るため』です。,正确答案是「为了跟上节奏」。
adv_pevent_001_hume_school_008.txt,应使用日式引号'『』'保持一致; 应使用日式引号'『』'保持一致,二十四節気で『立秋』にあたる時期だ。,"在二十四节气中属于""立秋""阶段。"
adv_pevent_001_hume_school_008.txt,应使用日式引号'『』'保持一致; 应使用日式引号'『』'保持一致,ところが『スイカ割り』は夏の季語だ。,"但""切西瓜""却是夏天的季语。"
adv_pevent_001_jsna_activity_010.txt,应使用日式引号'『』'保持一致; 应使用日式引号'『』'保持一致,誰もが心に抱えている『アイドル』……,每个人心中都有的「理想偶像」形象……
adv_pevent_001_jsna_activity_016.txt,应使用日式引号'『』'保持一致; 应使用日式引号'『』'保持一致,『先輩』……ということは、,「前辈」的意思是指
adv_pevent_001_jsna_activity_020.txt,应使用日式引号'『』'保持一致; 应使用日式引号'『』'保持一致,『仕事』とはどういうものかを,让我明白了
adv_pevent_001_jsna_school_004.txt,应使用日式引号'『』'保持一致,十王さんはすでに『一番星』を,十王小姐已经是获得过《一番星》
adv_pevent_001_jsna_school_006.txt,应使用日式引号'『』'保持一致; 应使用日式引号'『』'保持一致,もう少し『ラテ』を突き詰めて,如果再深入想想
adv_pevent_001_jsna_school_006.txt,应使用日式引号'『』'保持一致; 应使用日式引号'『』'保持一致,インターネットだと『欄』がないので、,"网络上没有""栏""的概念，"
adv_pevent_001_jsna_school_009.txt,应使用日式引号'『』'保持一致; 应使用日式引号'『』'保持一致,熱狂的なという意味の『fanatic』,但最有力的说法是来源于
adv_pevent_001_jsna_school_009.txt,应使用日式引号'『』'保持一致; 应使用日式引号'『』'保持一致,面白いという意味の『fun』から,"可能是联想到表示""有趣""的"
adv_pevent_001_jsna_school_009.txt,应使用日式引号'『』'保持一致; 应使用日式引号'『』'保持一致,正解のファンは『fan』なので、,"但正确的""fan""拼写不同，"
adv_pevent_001_kcna_activity_006.txt,应使用日式引号'『』'保持一致; 应使用日式引号'『』'保持一致,この漢字は『ガイ』と読みます。,"这个汉字念""伽""。"
adv_pevent_001_kcna_school_002.txt,应使用日式引号'『』'保持一致,それは……『一番星』になる,那就是……成为
adv_pevent_001_kcna_school_006.txt,应使用日式引号'『』'保持一致; 应使用日式引号'『』'保持一致,次のうち『単純接触効果』の説明,"下列选项中关于""单纯接触效应""的解释，"
adv_pevent_001_kcna_school_006.txt,应使用日式引号'『』'保持一致; 应使用日式引号'『』'保持一致,『会う』という意味の接触ですね。,"这里的接触是指""见面""哦。"
adv_pevent_001_kcna_school_007.txt,应使用日式引号'『』'保持一致; 应使用日式引号'『』'保持一致,と、いわゆる『お嬢様』に関係した,"像这样与""大小姐""相关的"
adv_pevent_001_kcna_school_007.txt,应使用日式引号'『』'保持一致; 应使用日式引号'『』'保持一致,次のうち、『お嬢様』に関係した,"下列选项中，哪一项是与""大小姐"""
adv_pevent_001_kcna_school_007.txt,应使用日式引号'『』'保持一致; 应使用日式引号'『』'保持一致,もともと、男の子のことを『ぼん』と,原本在某些地区，
adv_pevent_001_kcna_school_009.txt,应使用日式引号'『』'保持一致; 应使用日式引号'『』'保持一致,そもそも『グラビア』とは,"那么""写真""这个词"
adv_pevent_001_kcna_school_010.txt,应使用日式引号'『』'保持一致; 应使用日式引号'『』'保持一致,『上座』はどこでしょう？,"哪个位置是""上座""呢？"
adv_pevent_001_kllj_school_005.txt,应使用日式引号'『』'保持一致; 应使用日式引号'『』'保持一致,日本には『情けは人のためならず』,日本有句谚语叫
adv_pevent_001_kllj_school_005.txt,应使用日式引号'『』'保持一致; 应使用日式引号'『』'保持一致,（でも、『ならず』なのに逆だなんて。,"（但明明是""ならず""却表达相反意思。"
adv_pevent_001_kllj_school_005.txt,应使用日式引号'『』'保持一致; 应使用日式引号'『』'保持一致,答えは『結果的に自分のためになる』,"正确答案是""最终会对自己有利"""
adv_pevent_001_kllj_school_005.txt,应使用日式引号'『』'保持一致,『甘やかすことになるから、助けては,"并不是""因为会惯坏对方"
adv_pevent_001_kllj_school_005.txt,应使用日式引号'『』'保持一致,　いけない』という意味じゃない。,"　所以不应该帮助""的意思。"
adv_pevent_001_kllj_school_005.txt,应使用日式引号'『』'保持一致; 应使用日式引号'『』'保持一致,答えは『自分のためになるから』だ。,"正确答案是""因为会回报自己""。"
adv_pevent_001_kllj_school_006.txt,应使用日式引号'『』'保持一致; 应使用日式引号'『』'保持一致,『アイドル』の語源は英語の『Idol』。,"""偶像""的词源是英语的""Idol""。"
adv_pevent_001_kllj_school_006.txt,应使用日式引号'『』'保持一致; 应使用日式引号'『』'保持一致,Idolには『偶像』や『崇拝される人』,"Idol有""偶像""和""被崇拜的人"""
adv_pevent_001_kllj_school_006.txt,应使用日式引号'『』'保持一致; 应使用日式引号'『』'保持一致,Idolには『偶像』や『崇拝される人』,"Idol有""偶像""和""被崇拜的人"""
adv_pevent_001_kllj_school_006.txt,应使用日式引号'『』'保持一致; 应使用日式引号'『』'保持一致,Idolには『偶像』や『崇拝される人』,"Idol有""偶像""和""被崇拜的人"""
adv_pevent_001_kllj_school_006.txt,应使用日式引号'『』'保持一致; 应使用日式引号'『』'保持一致,そこから転じて『憧れの人』も。,"由此引申为""憧憬的对象""。"
adv_pevent_001_kllj_school_009.txt,应使用日式引号'『』'保持一致; 应使用日式引号'『』'保持一致,なぜ最後の人を『トリ』と呼ぶのか,知道为什么把最后出场的人
adv_pevent_001_kllj_school_009.txt,应使用日式引号'『』'保持一致; 应使用日式引号'『』'保持一致,そもそも『鳥』じゃないんですよ。,"但其实并不是""鸟""的意思哦。"
adv_pevent_001_kllj_school_009.txt,应使用日式引号'『』'保持一致; 应使用日式引号'『』'保持一致,正解は『お金の総取り』。,"正确答案是""收钱的总管""。"
adv_pevent_001_kllj_school_009.txt,应使用日式引号'『』'保持一致; 应使用日式引号'『』'保持一致,正解は『お金の総取り』。,"正确答案是""收钱的总管""。"
adv_pevent_001_kllj_school_010.txt,应使用日式引号'『』'保持一致; 应使用日式引号'『』'保持一致,『極夜』という自然現象。,"一种叫""极夜""的自然现象。"
adv_pevent_001_shro_activity_003.txt,应使用日式引号'『』'保持一致; 应使用日式引号'『』'保持一致,『好かれるポイント』とでも,或许可以称之为
adv_pevent_001_shro_school_005.txt,应使用日式引号'『』'保持一致; 应使用日式引号'『』'保持一致,『羽』と数える。,"用""羽""来计数。"
adv_pevent_001_shro_school_005.txt,应使用日式引号'『』'保持一致; 应使用日式引号'『』'保持一致,『杯』と数える動物はなんだ？,"用""杯""来计数的动物是什么？"
adv_pevent_001_shro_school_005.txt,应使用日式引号'『』'保持一致; 应使用日式引号'『』'保持一致,ハシビロコウは『羽』だな。,"鲸头鹳是用""羽""计数的。"
adv_pevent_001_shro_school_005.txt,应使用日式引号'『』'保持一致; 应使用日式引号'『』'保持一致,『人』の他に何がある？,"除了""人""还有什么？"
adv_pevent_001_shro_school_005.txt,应使用日式引号'『』'保持一致; 应使用日式引号'『』'保持一致,死んだら『体』？,"死后用""体""？"
adv_pevent_001_shro_school_005.txt,应使用日式引号'『』'保持一致; 应使用日式引号'『』'保持一致,……『名』だ。,"……是""名""。"
adv_pevent_001_ssmk_school_005.txt,句末应使用句号'。'而非英文句点'.',1.9999……となる。,1.9999……
adv_pevent_001_ssmk_school_008.txt,应使用日式引号'『』'保持一致; 应使用日式引号'『』'保持一致,そのなかで、実際には『ない』,其中哪个是实际上
adv_pevent_001_ttmr_school_007.txt,应使用全角感叹号'！'而非半角'!',グループ『SyngUP!』。,团体『SyngUP!』。
adv_pevent_001_ttmr_school_007.txt,应使用日式引号'『』'保持一致; 应使用日式引号'『』'保持一致,ちなみに『Sync up』との,顺便一提，这个名字还包含了
adv_pevent_001_ttmr_school_007.txt,应使用日式引号'『』'保持一致; 应使用日式引号'『』'保持一致,こちらは『同調する』『同期する』,后者带有「协调一致」「同步」
adv_pevent_001_ttmr_school_008.txt,应使用日式引号'『』'保持一致; 应使用日式引号'『』'保持一致,……インドにも『県』という区分が,……你倒是知道印度也有
adv_pevent_002_amao_sales_2-004-01.txt,应使用日式引号'『』'保持一致,『自分を好きになるにはどうすれば,"关于""怎样才能喜欢上自己"""
adv_pevent_002_amao_sales_2-004-01.txt,应使用日式引号'『』'保持一致,いいですか』っていう相談か……,这个咨询啊……
adv_pevent_002_amao_sales_2-004-02.txt,应使用日式引号'『』'保持一致,『自分を好きになるにはどうすれば,"""怎样才能喜欢上自己呢"""
adv_pevent_002_amao_sales_2-004-02.txt,应使用日式引号'『』'保持一致,いいですか』っていう相談か……,这种咨询啊……
adv_pevent_002_fktn_sales_2-006-01.txt,应使用日式引号'『』'保持一致; 应使用日式引号'『』'保持一致,ズバリ、『ハチドリ』ですっ！,"直截了当说——""蜂鸟""！"
adv_pevent_002_fktn_sales_2-006-02.txt,应使用日式引号'『』'保持一致; 应使用日式引号'『』'保持一致,ズバリ、『ハチドリ』ですっ！,"直接告诉你吧，是""蜂鸟""哦！"
adv_pevent_002_hski_sales_1-002-02.txt,应使用日式引号'『』'保持一致; 应使用日式引号'『』'保持一致,ここが『N.I.A』の,"这里就是""N.I.A""的"
adv_pevent_002_hski_sales_2-004-02.txt,应使用日式引号'『』'保持一致,『ライバルに負けるのが怖くて,"""害怕输给竞争对手"
adv_pevent_002_hski_sales_2-004-02.txt,应使用日式引号'『』'保持一致,　チャレンジできません』,"不敢挑战"""
adv_pevent_002_jsna_sales_1-005-01.txt,应使用日式引号'『』'保持一致; 应使用日式引号'『』'保持一致,『セロリ汁』ってことよね。,"该说是""芹菜汁""吧……"
adv_pevent_002_jsna_sales_1-005-01.txt,应使用日式引号'『』'保持一致; 应使用日式引号'『』'保持一致,『1000回振り出しても苦い』って意味,"据说名字意思是""冲泡千次仍苦涩"""
adv_pevent_002_jsna_sales_1-005-02.txt,应使用日式引号'『』'保持一致; 应使用日式引号'『』'保持一致,『セロリ汁』ってことよね。,"这不就是""芹菜汁""嘛……"
adv_pevent_002_jsna_sales_1-005-02.txt,应使用日式引号'『』'保持一致; 应使用日式引号'『』'保持一致,『1000回振り出しても苦い』って意味,"据说意思是""冲泡一千次依然苦涩""……"
adv_pevent_002_jsna_sales_2-002-02.txt,应使用日式引号'『』'保持一致; 应使用日式引号'『』'保持一致,『N.I.A』に合わせて祭りを開くそう,"听说要配合""N.I.A""举办庆典活动……"
adv_pevent_002_jsna_sales_2-003-02.txt,应使用日式引号'『』'保持一致; 应使用日式引号'『』'保持一致,『あれ』を始めようかしら……,"要不要开始做""那个""呢……"
adv_pevent_002_jsna_sales_2-006-01.txt,应使用日式引号'『』'保持一致; 应使用日式引号'『』'保持一致,『FINALE』に向けて、みんなにも,为了《FINALE》，让大家
adv_pevent_002_jsna_sales_2-006-02.txt,应使用日式引号'『』'保持一致; 应使用日式引号'『』'保持一致,『FINALE』に向けて、みんなにも,为了《FINALE》，让大家一起
adv_pevent_002_jsna_sales_3-001-01.txt,应使用日式引号'『』'保持一致; 应使用日式引号'『』'保持一致,『かわいく』撮りなさい。,"记得要拍得""可爱""一点哦。"
adv_pevent_002_jsna_sales_3-001-01.txt,应使用日式引号'『』'保持一致; 应使用日式引号'『』'保持一致,『楽しそう』じゃない。,"这可不是""看起来很开心"""
adv_pevent_002_jsna_sales_3-001-02.txt,应使用日式引号'『』'保持一致; 应使用日式引号'『』'保持一致,『かわいく』撮りなさい。,"记得要拍得""可爱""一点哦。"
adv_pevent_002_jsna_sales_3-001-02.txt,应使用日式引号'『』'保持一致; 应使用日式引号'『』'保持一致,『楽しそう』じゃない。,"这可不是""开心玩耍""哦。"
adv_pevent_002_jsna_sales_4-004-01.txt,应使用日式引号'『』'保持一致; 应使用日式引号'『』'保持一致,さすが『先輩』。,"不愧是""前辈""。"
adv_pevent_002_jsna_sales_4-004-02.txt,应使用日式引号'『』'保持一致; 应使用日式引号'『』'保持一致,さすが『先輩』。,"不愧是""前辈""。"
adv_pevent_002_kcna_sales_1-003-02.txt,应使用日式引号'『』'保持一致; 应使用日式引号'『』'保持一致,『しゅわしゅわ』がバズった……,「气泡感」成了热门话题……
adv_pevent_002_kcna_sales_1-003-02.txt,应使用日式引号'『』'保持一致; 应使用日式引号'『』'保持一致,『しゅわしゅわ』がバズった……,「气泡感」成了热门话题……
adv_pevent_002_kcna_sales_1-003-02.txt,应使用日式引号'『』'保持一致; 应使用日式引号'『』'保持一致,『しゅわしゅわ』がバズった……,「气泡感」成了热门话题……
adv_pevent_002_ssmk_sales_2-004-01.txt,应使用日式引号'『』'保持一致,どれどれ……『仲の良かった友達に,"让我看看……""曾经要好的朋友"
adv_pevent_002_ssmk_sales_2-004-01.txt,应使用日式引号'『』'保持一致,勉強で置いていかれてしまいました』,"在学业上超越了我""……"
adv_pgrowth_001_fktn_02.txt,应使用日式引号'『』'保持一致; 应使用日式引号'『』'保持一致,ことねちゃん、あなた『持ってる』わ。,"琴音酱，你真是""天赋异禀""呢。"
adv_pstory_001_amao_after-step-1-normal-02.txt,应使用日式引号'『』'保持一致; 应使用日式引号'『』'保持一致,麻央さん。それでは『幸福の王子』,麻央。这样下去你会变成
adv_pstory_001_amao_after-step-1-normal-03.txt,应使用日式引号'『』'保持一致; 应使用日式引号'『』'保持一致,歌劇『ローゼンヌの薔薇』の主人公、,歌剧《罗森内的蔷薇》里
adv_pstory_001_amao_after-step-2-normal-02.txt,应使用日式引号'『』'保持一致; 应使用日式引号'『』'保持一致,『ロミオとジュリエット』の台詞を。,《罗密欧与朱丽叶》的台词吧。
adv_pstory_001_fktn_after-audition-final-failure-01.txt,应使用日式引号'『』'保持一致; 应使用日式引号'『』'保持一致,だけどまだ『次』がある,但只要还有
adv_pstory_001_fktn_after-audition-final-failure-01.txt,应使用日式引号'『』'保持一致; 应使用日式引号'『』'保持一致,『次の機会』など幾らでも用意します。,"""下次机会""要多少有多少。"
adv_pstory_001_fktn_after-audition-final-normal-02.txt,应使用日式引号'『』'保持一致; 应使用日式引号'『』'保持一致,それが『藤田ことね』の,这才是
adv_pstory_001_fktn_after-step-2-normal-02.txt,应使用日式引号'『』'保持一致; 应使用日式引号'『』'保持一致,『稼げるあたし』になるための、,可是为了成为
adv_pstory_001_hski_after-audition-final-normal-01.txt,应使用日式引号'『』'保持一致; 应使用日式引号'『』'保持一致,今日より『上』の,我会让你见识到比今天
adv_pstory_001_hski_after-audition-final-normal-04.txt,应使用日式引号'『』'保持一致; 应使用日式引号'『』'保持一致,『次』に切り替える,现在还不是
adv_pstory_001_hski_after-audition-final-normal-04.txt,应使用日式引号'『』'保持一致; 应使用日式引号'『』'保持一致,『今』、より良い結果を,现在只想着
adv_pstory_001_hski_after-step-2-normal-03.txt,应使用日式引号'『』'保持一致; 应使用日式引号'『』'保持一致,新しい『アイドルとしての身体』を、,还没能完全驾驭
adv_pstory_001_hski_after-step-2-normal-03.txt,应使用日式引号'『』'保持一致; 应使用日式引号'『』'保持一致,『アイドルとしての身体づくり』は、,「打造偶像体型」的计划
adv_pstory_001_hume_after-audition-final-normal-01.txt,应使用日式引号'『』'保持一致; 应使用日式引号'『』'保持一致,『勝つ』って、やっぱりいいですね！,「胜利」果然是最棒的感觉呢！
adv_pstory_001_hume_after-audition-final-normal-02.txt,应使用日式引号'『』'保持一致; 应使用日式引号'『』'保持一致,もっとも近い『次』は――,"距离最近的""下次""是——"
adv_pstory_001_hume_after-audition-final-normal-02.txt,应使用日式引号'『』'保持一致; 应使用日式引号'『』'保持一致,勝ちたいなら『これだけ』……と、,"想赢的话，就设定好""只做到这种程度""……"
adv_pstory_001_hume_after-audition-mid-normal-03.txt,应使用日式引号'『』'保持一致; 应使用日式引号'『』'保持一致,『スタートダッシュが苦手』な,"你克服了""起步较慢""这个"
adv_pstory_001_hume_after-audition-mid-normal-03.txt,应使用日式引号'『』'保持一致; 应使用日式引号'『』'保持一致,『超晩成型』。,"""大器晚成者""的最大弱点。"
adv_pstory_001_hume_ending-normal-05.txt,应使用日式引号'『』'保持一致; 应使用日式引号'『』'保持一致,『あたしの負け』は禁止です。,"禁止说""都怪我""这种话。"
adv_pstory_001_jsna_after-audition-mid-normal-03.txt,应使用日式引号'『』'保持一致; 应使用日式引号'『』'保持一致,『それ』こそが、最近の私が上手く,"或许""那份可爱""正是导致最近"
adv_pstory_001_jsna_after-step-1-normal-02.txt,应使用日式引号'『』'保持一致,私はいまも、『一番星』に,现在的我依然能展现
adv_pstory_001_kcna_after-step-2-normal-02.txt,应使用日式引号'『』'保持一致; 应使用日式引号'『』'保持一致,言い方を変えれば『いまのところ普通』,换种说法就是「目前还很普通」
adv_pstory_001_shro_after-audition-final-normal-04.txt,应使用日式引号'『』'保持一致; 应使用日式引号'『』'保持一致,この程度では『うまくいった』と,所以必须明确表示
adv_pstory_001_ttmr_after-audition-mid-failure-01.txt,应使用日式引号'『』'保持一致; 应使用日式引号'『』'保持一致,『次』はどうするか――,下次要怎么做——
adv_pstory_001_ttmr_after-audition-mid-normal-04.txt,应使用日式引号'『』'保持一致; 应使用日式引号'『』'保持一致,もちろん『早くなんとかする』ための,"当然是关于""赶快想办法""的"
adv_pstory_001_ttmr_before-audition-mid-normal-01.txt,应使用日式引号'『』'保持一致; 应使用日式引号'『』'保持一致,本番前に『好きな歌』を聴いて,上场前在听《最喜欢的歌》
adv_pstory_001_ttmr_ending-normal-02.txt,应使用日式引号'『』'保持一致; 应使用日式引号'『』'保持一致,それと……私が『甘いもの好き』だと,还有……您是不是觉得
adv_pstory_002_amao_ending-normal-02.txt,应使用日式引号'『』'保持一致; 应使用日式引号'『』'保持一致,それだけでも『N.I.A』に参加した,光是这些收获就已经证明
adv_pstory_002_cmmn_world-explanation.txt,应使用日式引号'『』'保持一致; 应使用日式引号'『』'保持一致,『FINALE』の公開オーディションを,想要参加最终日
adv_pstory_002_cmmn_world-explanation.txt,应使用日式引号'『』'保持一致; 应使用日式引号'『』'保持一致,すなわち担当アイドルの『N.I.A』での,也就是提升负责偶像在赛事中的
adv_pstory_002_fktn_after-audition-b-normal-02.txt,应使用日式引号'『』'保持一致,『H.I.F』当日は？　,那《H.I.F》当天呢？
adv_pstory_002_fktn_before-audition-a-normal-01.txt,应使用日式引号'『』'保持一致; 应使用日式引号'『』'保持一致,（……彼女が『出張』を恐れる理由。,"（……她害怕""出差""的理由。"
adv_pstory_002_hrnm_after-audition-mid-failure-01.txt,应使用日式引号'『』'保持一致,『H.I.F』に出場する,参加《H.I.F》的
adv_pstory_002_hski_after-audition-a-normal-02.txt,应使用日式引号'『』'保持一致; 应使用日式引号'『』'保持一致,咲季さんの『実力』ですよ。,"这就是咲季小姐的""真正实力""啊。"
adv_pstory_002_hski_after-audition-b-normal-02.txt,应使用日式引号'『』'保持一致; 应使用日式引号'『』'保持一致,世界一の『アイドルの才能』を,天生就拥有世界第一的
adv_pstory_002_hume_after-audition-a-normal-03.txt,应使用日式引号'『』'保持一致; 应使用日式引号'『』'保持一致,『圧倒的な力で打ち負かす』……,「用压倒性的力量击败对手」……
adv_pstory_002_hume_before-audition-a-normal-01.txt,应使用日式引号'『』'保持一致; 应使用日式引号'『』'保持一致,『この調子』って言いますけども！,"说什么""这个势头""啊！"
adv_pstory_002_jsna_after-audition-a-normal-02.txt,应使用日式引号'『』'保持一致,『知名度がもっとも低い,可是「知名度最低的
adv_pstory_002_jsna_after-audition-a-normal-02.txt,应使用日式引号'『』'保持一致,トップアイドル』だもの。,顶级偶像」呢。
adv_pstory_002_jsna_after-audition-b-normal-02.txt,应使用日式引号'『』'保持一致; 应使用日式引号'『』'保持一致,彼女の『初星潰し』は、今後も,"她的""初星狙击""行动"
adv_pstory_002_jsna_after-audition-b-normal-02.txt,应使用日式引号'『』'保持一致; 应使用日式引号'『』'保持一致,『極月潰し』を！,"""极月狙击""计划！"
adv_pstory_002_jsna_after-audition-b-normal-02.txt,应使用日式引号'『』'保持一致; 应使用日式引号'『』'保持一致,相手方の『票』を削り、同胞の優勝を,"削减对方的""票数""，从而支持"
adv_pstory_002_jsna_before-audition-b-normal-01.txt,应使用日式引号'『』'保持一致; 应使用日式引号'『』'保持一致,『N.I.A』で『初星潰し』を,据说正在『N.I.A』进行
adv_pstory_002_kcna_before-audition-a-normal-01.txt,应使用日式引号'『』'保持一致; 应使用日式引号'『』'保持一致,『初星学園の生徒』という……,肩负着……
adv_pstory_002_kcna_before-audition-b-normal-01.txt,应使用日式引号'『』'保持一致; 应使用日式引号'『』'保持一致,目標は『FINALE』での,我们的目标可是在《FINALE》
adv_pstory_002_kllj_after-audition-final-failure-01.txt,应使用日式引号'『』'保持一致; 应使用日式引号'『』'保持一致,ここはまだ、『途中』ですよ。,"这里还只是""中途站""哦。"
adv_pstory_002_shro_after-audition-a-normal-02.txt,应使用日式引号'『』'保持一致; 应使用日式引号'『』'保持一致,『N.I.A』で優勝しろって言われてる。,"要在""N.I.A""大赛上夺冠。"
adv_pstory_002_shro_after-audition-a-normal-02.txt,应使用日式引号'『』'保持一致; 应使用日式引号'『』'保持一致,いいね、『N.I.A』。,"真好啊，""N.I.A""。"
adv_pstory_002_ssmk_after-audition-a-normal-02.txt,应使用日式引号'『』'保持一致; 应使用日式引号'『』'保持一致,『FINALE』目指すんなら、,既然目标是《FINALE》，
adv_pstory_002_ttmr_after-audition-a-normal-02.txt,应使用日式引号'『』'保持一致; 应使用日式引号'『』'保持一致,この『ファンの奪い合い』こそが、,"这种""争夺粉丝""的机制，"
adv_pstory_002_ttmr_after-audition-a-normal-02.txt,应使用日式引号'『』'保持一致; 应使用日式引号'『』'保持一致,『N.I.A』という大会の特徴であり、,"正是""N.I.A""大赛的特色"
adv_pstory_002_ttmr_after-audition-a-normal-02.txt,应使用日式引号'『』'保持一致; 应使用日式引号'『』'保持一致,『N.I.A』で優勝する頃には、,"等到""N.I.A""夺冠的时候，"
adv_pstory_002_ttmr_after-audition-a-normal-02.txt,应使用日式引号'『』'保持一致; 应使用日式引号'『』'保持一致,『NEXT IDOL AUDITION』ですから。,"""NEXT IDOL AUDITION""啊。"
adv_pstory_002_ttmr_after-audition-a-normal-03.txt,应使用日式引号'『』'保持一致; 应使用日式引号'『』'保持一致,『難易度が低いオーディション』など,这可不是什么
adv_pstory_002_ttmr_after-audition-a-normal-03.txt,应使用日式引号'『』'保持一致; 应使用日式引号'『』'保持一致,『N.I.A』を制することなんて、,更别说要战胜
adv_pstory_002_ttmr_after-audition-final-normal-01.txt,应使用全角感叹号'！'而非半角'!',元『SyngUp!』のメンバーです。,前『SyngUp!』的成员们。
adv_pstory_002_ttmr_after-audition-mid-failure-01.txt,应使用日式引号'『』'保持一致; 应使用日式引号'『』'保持一致,『服にゴミが付いてましたよ』、,"简直像是说""你衣服沾到灰尘了"""
adv_pstory_002_ttmr_before-audition-a-normal-01.txt,应使用日式引号'『』'保持一致; 应使用日式引号'『』'保持一致,ファン投票を獲得し、『N.I.A』,获取粉丝投票
adv_unit_01-01_11.txt,应使用日式引号'『』'保持一致; 应使用日式引号'『』'保持一致,（『もっと頑張れ』なんて声を掛けられたのは……）,"（上次被人说""要更努力""……）"
adv_unit_01-01_12.txt,应使用日式引号'『』'保持一致; 应使用日式引号'『』'保持一致,言ってたわよね『仲間が役立たずだから抜けた』って。,"你说过吧""因为队友太没用就退出了""。"
adv_unit_01-02_01.txt,省略号应使用'……'而非'...',まずは、4月のH.I.F選抜試験！,首先是四月的H.I.F选拔考试！
adv_unit_01-02_02.txt,应使用日式引号'『』'保持一致; 应使用日式引号'『』'保持一致,花海が『先輩』って……あなたのことを。,"花海叫你""前辈""……"
adv_unit_01-02_14.txt,应使用日式引号'『』'保持一致; 应使用日式引号'『』'保持一致,『お姉ちゃんの料理は美味しいね』って。,"她说""姐姐做的饭最好吃了""。"
adv_unit_01-02_15.txt,应使用日式引号'『』'保持一致; 应使用日式引号'『』'保持一致,『えっ？』じゃねーし。,"""诶""什么诶啊。"
adv_unit_01-03_03.txt,省略号应使用'……'而非'...',H.I.F選抜試験の結果は履歴書に記載され、,H.I.F选拔考试的结果会记录在履历里，
adv_unit_01-03_04.txt,省略号应使用'……'而非'...',夏と冬のH.I.Fを連覇した昨年度の覇者。,去年夏冬两季H.I.F的连霸冠军。
adv_unit_01-03_05.txt,应使用日式引号'『』'保持一致,『H.I.F』って、夏にあるんですよね？,「H.I.F」是在夏天举办对吧？
adv_unit_01-03_09.txt,应使用日式引号'『』'保持一致; 应使用日式引号'『』'保持一致,『可能性を見せろ』って、そういう意味じゃないよね？,「展现出可能性」应该不是这个意思吧？
adv_unit_01-03_10.txt,应使用日式引号'『』'保持一致; 应使用日式引号'『』'保持一致,『ユニット名の由来を当てる』じゃなくて、,"这好像不是""猜组合名由来""，"
adv_unit_01-03_10.txt,应使用日式引号'『』'保持一致; 应使用日式引号'『』'保持一致,『ユニット名の由来を決める』になってない？,"变成""决定组合名由来""了吧？"
adv_unit_01-03_10.txt,应使用日式引号'『』'保持一致; 应使用日式引号'『』'保持一致,みんなにきっちり『お返し』してやれる。,"想要好好""回报""所有支持我们的人。"
adv_unit_01-04_03.txt,应使用日式引号'『』'保持一致; 应使用日式引号'『』'保持一致,星南先輩の『理想のアイドルユニット』って？,"星南前辈所说的""理想偶像团体""是？"
adv_unit_01-04_03.txt,应使用日式引号'『』'保持一致; 应使用日式引号'『』'保持一致,私と、佑芽と、美鈴。3人の『個の力』で魅せる歌。,"由我、佑芽和美铃。用三人的""个人实力""演绎的歌曲。"
adv_unit_01-04_04.txt,句末应使用句号'。'而非英文句点'.',けっこーありそうですよね、あたしたち。,能参加H.I.F正赛的吧？
adv_unit_01-04_04.txt,应使用日式引号'『』'保持一致; 应使用日式引号'『』'保持一致,曲名は『雨上がりのアイリス』,曲名是《雨后的鸢尾花》
adv_unit_01-04_05.txt,应使用日式引号'『』'保持一致; 应使用日式引号'『』'保持一致,『雨上がりのアイリス』のお披露目するんだろ。,要向大家展示《雨后的鸢尾花》啊。
adv_unit_01-04_11.txt,句末应使用句号'。'而非英文句点'.',初めての早朝ミーティングになります。,主要讨论关于H.I.F正赛的方针确认等事项……
adv_unit_01-04_13.txt,应使用日式引号'『』'保持一致; 应使用日式引号'『』'保持一致,『くらい』で済まされることじゃないけどね。,"这可不是用""至少""就能形容的水准哦。"
adv_unit_01-04_13.txt,应使用全角感叹号'！'而非半角'!',SyngUp!のライブ映像です。,SyngUp!的演唱会录像。
adv_unit_01-04_14.txt,省略号应使用'……'而非'...',さあ、ついにH.I.Fが近づいてきたわ。,看啊，H.I.F终于临近了。
adv_unit_01-04_14.txt,省略号应使用'……'而非'...',H.I.Fはこの3人で勝ちにいくわ。,H.I.F将由我们三人全力争胜。
adv_unit_01-04_15.txt,省略号应使用'……'而非'...',H.I.F本戦、当日の朝よ。,H.I.F决赛当天的早上了。
adv_unit_01-04_17.txt,应使用全角感叹号'！'而非半角'!',SyngUp!、大喧嘩して解散したじゃん。,SyngUp!不就因为大吵一架解散了吗？
